CITY_CODE,STATE,NUM_PARTICIPANTS,NATURAL_SCIENCES_SCORE_AVG,HUMANITIES_SCORE_AVG,LANGUAGES_SCORE_AVG,MATH_SCORE_AVG,ESSAY_SCORE_AVG,OVERALL_SCORE_AVG,CITY,FAMILY_INCOME_SM_AVG,CLUSTER
1100015,RO,609,496.2330049261085,504.7233169129721,488.8422003284073,498.0014778325124,486.1740558292282,494.79481116584566,ALTA FLORESTA D'OESTE,1.422496984318456,1
1100023,RO,3177,499.93525338369534,503.0559017941454,496.11665092854895,494.1458923512748,490.25495750708217,496.7017311929493,ARIQUEMES,1.6024941126097196,1
1100049,RO,3928,507.5980906313646,511.41563136456216,500.8627036659878,503.4665733197556,500.9521384928717,504.85902749490833,CACOAL,1.730595427963849,1
1100056,RO,398,503.76080402010047,504.97738693467335,492.3899497487437,498.47336683417086,483.9698492462312,496.714271356784,CEREJEIRAS,1.58375,1
1100064,RO,472,506.9830508474576,505.28156779661015,491.7279661016949,502.8237288135593,485.33898305084745,498.4310593220338,COLORADO DO OESTE,1.715846994535519,1
1100098,RO,725,502.9406896551724,515.6815172413793,497.0078620689656,505.752275862069,505.7655172413793,505.4295724137931,ESPIGÃO D'OESTE,1.697668393782383,1
1100106,RO,2091,478.36307986609273,482.3024390243903,480.1531802965089,470.42453371592535,435.9253945480632,469.433725490196,GUAJARÁ-MIRIM,1.3066334991708126,0
1100114,RO,1617,489.3666666666667,494.6266542980829,487.5526901669759,483.8331478045764,467.1614100185529,484.5081137909709,JARU,1.6548889837745515,0
1100122,RO,4914,499.7493894993895,502.4315832315832,495.0107651607651,496.7222832722832,491.1803011803012,497.0188644688645,JI-PARANÁ,1.740318021201413,1
1100130,RO,440,495.28613636363633,501.5761363636364,489.7425,491.2040909090909,472.8181818181818,490.1254090909091,MACHADINHO D'OESTE,1.3343837535014005,1
1100148,RO,440,499.6309090909091,497.56772727272727,490.18545454545455,495.7740909090909,457.2272727272728,488.0770909090909,NOVA BRASILÂNDIA D'OESTE,1.447327044025157,0
1100155,RO,1384,499.17333815028906,503.4854046242775,493.8611271676301,497.3403179190751,499.1763005780346,498.6072976878613,OURO PRETO DO OESTE,1.5843373493975903,1
1100189,RO,1186,499.0816188870152,498.82605396290046,490.09738617200674,488.6560708263069,487.318718381113,492.79596964586847,PIMENTA BUENO,1.6850892343120325,1
1100205,RO,20186,497.96370752006345,507.9196274645794,499.01800752997127,495.6363271574359,501.5951649658179,500.4265669275736,PORTO VELHO,1.668279515978072,1
1100254,RO,675,492.9023703703704,498.19377777777777,487.9682962962963,495.42829629629625,485.1555555555556,491.92965925925927,PRESIDENTE MÉDICI,1.5383995703544575,1
1100288,RO,2891,503.65579384296086,505.5964026288481,494.4780352819094,494.0443099273608,482.6080940850917,496.0765271532341,ROLIM DE MOURA,1.527027027027027,1
1100304,RO,2461,504.69203575782205,510.6322633075985,502.60841121495326,502.730272247054,497.6919951239333,503.6709955302722,VILHENA,1.7239384866630376,1
1100320,RO,673,484.9112927191679,486.00430906389306,477.3662704309064,477.6622585438336,457.8900445765231,476.7668350668648,SÃO MIGUEL DO GUAPORÉ,1.43425,0
1100346,RO,531,496.8412429378531,500.0080979284369,486.9708097928437,484.1713747645951,487.3069679849341,491.0596986817326,ALVORADA D'OESTE,1.4682486631016043,1
1100403,RO,241,492.78589211618254,493.202489626556,481.7203319502075,477.3630705394191,445.3941908713693,478.09319502074686,ALTO PARAÍSO,1.178191489361702,0
1100452,RO,533,492.50450281425896,496.3339587242026,489.1166979362101,485.5395872420263,469.7560975609756,486.6501688555347,BURITIS,1.4270949720670392,0
1101302,RO,439,493.36924829157175,492.35626423690206,481.1503416856492,488.60820045558086,486.33257403189066,488.3633257403189,MIRANTE DA SERRA,1.4393203883495145,0
1101401,RO,341,488.6824046920822,491.0134897360704,484.0087976539589,482.1791788856305,469.8533724340176,483.147448680352,MONTE NEGRO,1.3951793721973094,0
1101492,RO,531,481.2531073446328,488.5199623352166,476.8020715630885,475.3254237288135,440.7909604519774,472.5383050847457,SÃO FRANCISCO DO GUAPORÉ,1.361284289276808,0
1200013,AC,502,486.1633466135458,491.1346613545817,483.9705179282869,485.27430278884464,465.8964143426295,482.4878486055777,ACRELÂNDIA,1.1637199434229135,0
1200104,AC,510,484.9123529411765,490.0523529411765,483.6737254901961,479.3778431372549,475.84313725490193,482.7718823529413,BRASILÉIA,1.1894768856447688,0
1200203,AC,5359,478.4216458294458,479.12409031535736,477.1209927225228,467.1873670460907,487.8447471543199,477.9397686135473,CRUZEIRO DO SUL,1.0370568941592029,0
1200252,AC,313,490.9134185303514,494.5376996805112,488.8389776357828,480.57092651757193,495.5910543130991,490.09041533546326,EPITACIOLÂNDIA,1.3481210855949897,0
1200302,AC,621,478.0702093397745,483.7096618357488,483.08985507246376,478.6798711755234,479.8711755233495,480.684154589372,FEIJÓ,0.995505617977528,0
1200328,AC,115,463.26695652173913,468.7973913043478,457.07130434782607,446.7782608695652,406.2608695652174,448.4349565217392,JORDÃO,0.7457627118644068,0
1200336,AC,785,472.243821656051,467.7117197452229,466.0047133757962,456.0714649681528,483.54140127388536,469.1146242038217,MÂNCIO LIMA,0.8596187175043327,0
1200351,AC,244,473.02213114754096,469.2049180327869,454.8290983606557,453.5270491803279,426.7213114754098,455.4609016393442,MARECHAL THAUMATURGO,0.8170731707317073,0
1200385,AC,401,472.1812967581048,478.8399002493765,477.2982543640898,471.3975062344139,463.3915211970075,472.6216957605985,PLÁCIDO DE CASTRO,1.0737632508833923,0
1200393,AC,144,470.12638888888887,461.3562500000001,456.19027777777774,458.225,456.94444444444446,460.5684722222222,PORTO WALTER,0.9239690721649484,0
1200401,AC,22219,492.8231558575993,497.7737296908052,494.5565371978937,486.3555650569333,495.1032899770467,493.3224555560557,RIO BRANCO,1.3513334752463204,1
1200435,AC,46,485.3152173913044,481.0413043478261,480.8108695652174,481.4217391304348,460.8695652173913,477.8917391304348,SANTA ROSA DO PURUS,0.9626436781609196,0
1200450,AC,1006,483.508449304175,491.8693836978131,482.7604373757456,479.99582504970175,479.1252485089463,483.45186878727634,SENADOR GUIOMARD,1.0561224489795915,0
1200500,AC,1308,478.02454128440365,474.0343272171254,471.7898318042813,463.61376146789,438.2110091743119,465.1346941896025,SENA MADUREIRA,1.0249739854318418,0
1200609,AC,638,473.0835423197492,477.74592476489033,476.9208463949843,471.6139498432602,473.8244514106583,474.6377429467085,TARAUACÁ,1.05599603567889,0
1200708,AC,301,480.6408637873754,480.7043189368771,471.5511627906977,467.6033222591362,473.6212624584717,474.82418604651167,XAPURI,1.0559475806451613,0
1200807,AC,415,474.6243373493976,474.189156626506,469.70674698795176,462.49975903614455,455.2289156626506,467.2497831325301,PORTO ACRE,0.8943719412724307,0
1300029,AM,167,463.7215568862275,453.7305389221557,456.6508982035928,441.6293413173653,429.1017964071857,448.9668263473054,ALVARÃES,0.9142857142857144,0
1300086,AM,159,460.7547169811321,457.714465408805,457.4383647798742,456.145283018868,392.2012578616352,444.8508176100629,ANAMÃ,0.7663230240549829,0
1300102,AM,155,468.761935483871,466.0096774193548,471.5,458.92,479.2258064516129,468.8834838709678,ANORI,0.8698347107438017,0
1300144,AM,190,486.2842105263158,490.7052631578948,480.47526315789474,482.65263157894736,434.42105263157896,474.9076842105263,APUÍ,1.2455673758865249,0
1300300,AM,331,465.6138972809668,458.2344410876133,457.5728096676737,458.1706948640484,449.0634441087613,457.7310574018126,AUTAZES,0.7769360269360269,0
1300409,AM,144,491.5944444444445,497.5097222222222,485.9951388888889,481.64930555555554,475.55555555555554,486.46083333333337,BARCELOS,1.4095330739299612,0
1300508,AM,520,473.68384615384616,467.79,459.7782692307693,452.6388461538462,432.2307692307692,457.2243461538461,BARREIRINHA,0.6220715166461159,0
1300607,AM,766,457.4509138381201,448.30953002610966,439.065274151436,441.3351174934726,337.7023498694517,424.772637075718,BENJAMIN CONSTANT,0.5640877598152425,0
1300631,AM,142,461.10774647887325,454.5239436619718,458.93450704225353,452.68591549295775,413.8028169014085,448.210985915493,BERURI,0.75,0
1300680,AM,257,464.5813229571984,462.2599221789884,454.5863813229572,447.08715953307393,431.5175097276265,452.0064591439688,BOA VISTA DO RAMOS,0.8570588235294118,0
1300706,AM,572,475.8183566433566,472.8743006993007,473.1991258741259,482.5763986013986,481.5384615384616,477.2013286713286,BOCA DO ACRE,1.1458333333333333,0
1300805,AM,311,461.9225080385852,465.3202572347267,460.5418006430869,466.5385852090032,431.7041800643087,457.20546623794206,BORBA,0.8964208242950108,0
1300839,AM,142,467.424647887324,453.1697183098592,450.7915492957746,454.5605633802817,425.774647887324,450.3442253521127,CAAPIRANGA,0.7702991452991453,0
1300904,AM,68,476.4382352941177,463.9029411764706,452.0426470588236,469.5235294117647,445.0,461.3814705882352,CANUTAMA,0.9263565891472868,0
1301001,AM,239,475.0046025104603,462.8083682008368,462.8380753138076,469.9125523012552,493.38912133891216,472.7905439330544,CARAUARI,1.1095800524934385,0
1301100,AM,254,475.4287401574803,473.2456692913386,464.15787401574806,468.6657480314961,445.748031496063,465.4492125984252,CAREIRO,0.9503676470588236,0
1301159,AM,156,475.9871794871795,468.5410256410256,459.1961538461539,465.5698717948717,430.12820512820514,459.8844871794872,CAREIRO DA VÁRZEA,1.092557251908397,0
1301209,AM,1599,476.1393996247655,465.77579737335833,462.4828017510944,455.5138836772983,457.0606629143214,463.3945090681676,COARI,0.9110624751293276,0
1301308,AM,295,475.5728813559322,465.7294915254238,464.3949152542373,471.533220338983,464.8813559322034,468.422372881356,CODAJÁS,0.9933252427184466,0
1301407,AM,353,473.5388101983003,467.1101983002833,471.23881019830026,477.1943342776204,458.92351274787535,469.6011331444759,EIRUNEPÉ,1.211498973305955,0
1301506,AM,186,475.6188172043011,459.6150537634408,467.3376344086022,462.3075268817204,489.03225806451616,470.7822580645162,ENVIRA,0.9590909090909092,0
1301605,AM,212,470.4306603773585,462.3867924528302,461.4452830188679,466.8306603773585,453.7735849056604,462.9733962264151,FONTE BOA,0.9129901960784312,0
1301704,AM,1157,478.7783059636992,476.3789974070873,473.8884183232498,469.790492653414,448.78133102852206,469.5235090751945,HUMAITÁ,1.2296804932735426,0
1301803,AM,195,466.1994871794872,454.2189743589743,459.25384615384615,457.0,470.87179487179486,461.5088205128205,IPIXUNA,0.7761824324324325,0
1301852,AM,846,478.7862884160757,475.52825059101656,476.5851063829787,462.7141843971632,462.5531914893617,471.2334042553192,IRANDUBA,1.0152846099789177,0
1301902,AM,2462,483.0749390739237,483.70337124289193,480.656255077173,473.4559707554834,469.6669374492282,478.1114947197401,ITACOATIARA,1.0451089711099848,0
1301951,AM,61,475.2622950819672,455.583606557377,460.8426229508197,450.6754098360656,470.1639344262295,462.5055737704918,ITAMARATI,1.2954545454545454,0
1302108,AM,76,461.0144736842105,455.5815789473684,446.4381578947369,444.875,367.3684210526316,435.0555263157895,JAPURÁ,0.8155737704918032,0
1302306,AM,75,473.544,475.38,466.5693333333333,458.7413333333333,463.2,467.4869333333333,JUTAÍ,0.9222560975609756,0
1302405,AM,415,470.7720481927711,463.4775903614458,464.3067469879518,455.0698795180723,443.7590361445783,459.4770602409639,LÁBREA,1.1071932299012694,0
1302504,AM,2028,477.8723372781065,482.6121794871795,480.5240138067061,473.75818540433926,460.3944773175542,475.0322386587772,MANACAPURU,0.9735689252336448,0
1302553,AM,106,473.4896226415095,457.4396226415094,456.0679245283019,472.8867924528302,414.9056603773585,454.95792452830193,MANAQUIRI,0.8303571428571429,0
1302603,AM,64422,496.59990531185,503.5659526248797,500.3302986557387,491.24748688336285,501.69817764117846,498.6883642234019,MANAUS,1.3738001153987376,1
1302702,AM,329,469.6252279635258,472.20486322188447,470.9474164133739,468.4960486322189,443.5258358662614,464.9598784194529,MANICORÉ,0.9882608695652174,0
1302801,AM,93,468.1559139784946,459.2139784946237,462.5655913978495,460.568817204301,379.35483870967744,445.9718279569893,MARAÃ,0.668918918918919,0
1302900,AM,547,484.61224862888486,489.9166361974407,481.9632541133456,474.9522851919561,459.8171846435101,478.25232175502754,MAUÉS,0.9684873949579832,0
1303007,AM,516,465.0087209302326,465.5486434108527,456.1910852713178,449.7941860465116,439.37984496124034,455.184496124031,NHAMUNDÁ,0.7628768844221105,0
1303106,AM,247,466.551012145749,465.35789473684207,459.7417004048583,466.6906882591093,450.6072874493927,461.7897165991902,NOVA OLINDA DO NORTE,0.8703703703703703,0
1303205,AM,152,477.1289473684211,469.67763157894734,469.81447368421055,472.5111842105263,475.2631578947368,472.8790789473685,NOVO AIRÃO,1.0576171875,0
1303304,AM,211,462.0834123222749,461.15592417061606,452.58530805687207,454.7957345971564,453.0805687203791,456.7401895734597,NOVO ARIPUANÃ,0.7726586102719033,0
1303403,AM,3532,477.5730464326161,478.9146942242356,474.3287938844847,468.3385334088335,469.7451868629672,473.7800509626274,PARINTINS,0.8809779688339603,0
1303502,AM,156,475.24102564102566,459.0224358974359,463.9467948717949,458.2923076923077,453.2051282051282,461.94153846153847,PAUINI,1.07,0
1303536,AM,517,483.5276595744681,484.4183752417795,480.28704061895553,473.9255319148936,482.9787234042553,481.0274661508704,PRESIDENTE FIGUEIREDO,1.182110091743119,0
1303569,AM,367,487.0564032697548,488.23651226158034,481.9659400544959,476.6683923705722,470.9536784741144,480.97618528610354,RIO PRETO DA EVA,1.0575427682737168,0
1303601,AM,78,478.7153846153847,457.1692307692308,469.59487179487184,462.6474358974359,454.87179487179486,464.5997435897436,SANTA ISABEL DO RIO NEGRO,0.850828729281768,0
1303700,AM,389,453.19383033419024,445.8496143958869,436.6748071979434,435.7105398457583,349.0488431876607,424.0955269922879,SANTO ANTÔNIO DO IÇÁ,0.613263785394933,0
1303809,AM,551,479.59600725952816,488.5279491833031,480.4362976406534,473.7519056261343,450.99818511796735,474.6620689655173,SÃO GABRIEL DA CACHOEIRA,1.237142857142857,0
1303908,AM,287,456.04250871080137,446.9233449477352,442.1351916376306,448.716724738676,328.780487804878,424.5196515679443,SÃO PAULO DE OLIVENÇA,0.710644007155635,0
1304005,AM,236,463.0974576271187,461.978813559322,460.8203389830509,458.59110169491527,418.728813559322,452.64330508474575,SILVES,0.7511990407673861,0
1304062,AM,666,476.151951951952,473.83948948948944,474.1402402402403,461.9990990990991,429.42942942942943,463.1120420420421,TABATINGA,1.1109077598828696,0
1304104,AM,149,477.9147651006712,466.7369127516779,474.7241610738255,466.2281879194631,490.4697986577181,475.2147651006711,TAPAUÁ,0.992152466367713,0
1304203,AM,904,482.3157079646018,486.0766592920354,483.42699115044246,473.67323008849553,500.9513274336283,485.2887831858408,TEFÉ,1.1869300911854104,0
1304237,AM,198,462.8237373737374,453.93232323232326,448.3651515151515,444.38585858585856,393.6363636363636,440.6286868686869,TONANTINS,0.7434426229508196,0
1304260,AM,69,463.0289855072464,457.6840579710145,447.0434782608696,446.37391304347824,394.2028985507246,441.6666666666667,UARINI,0.7009345794392523,0
1304302,AM,374,467.9852941176471,460.1312834224599,453.3168449197861,456.3898395721925,431.3903743315508,453.8427272727273,URUCARÁ,0.7937091503267973,0
1304401,AM,218,476.0766055045871,467.6004587155963,462.0990825688074,457.5160550458716,437.9816513761468,460.2547706422018,URUCURITUBA,0.9596317280453258,0
1400050,RR,182,482.528021978022,475.9868131868132,461.6791208791209,461.9697802197802,430.54945054945057,462.5426373626374,ALTO ALEGRE,1.1444223107569722,0
1400100,RR,10610,503.0008859566447,508.1845994344957,498.1848162111216,495.3085108388313,489.79830348727614,498.8954231856739,BOA VISTA,1.559340991535671,1
1400159,RR,74,486.9216216216216,476.00540540540544,468.2067567567568,468.427027027027,476.7567567567568,475.2635135135135,BONFIM,1.552536231884058,0
1400209,RR,146,488.5705479452055,489.0630136986301,482.06232876712335,475.4390410958905,450.8219178082192,477.1913698630137,CARACARAÍ,1.151,0
1400308,RR,243,475.7633744855967,480.179012345679,476.37654320987656,463.8139917695473,448.559670781893,468.9385185185185,MUCAJAÍ,1.2226027397260273,0
1400472,RR,239,488.2987447698745,488.4225941422594,479.62887029288703,472.4673640167364,444.35146443514645,474.6338075313808,RORAINÓPOLIS,1.072505800464037,0
1400506,RR,224,467.46026785714287,468.73928571428576,459.5066964285714,455.4598214285714,434.0178571428572,457.0367857142858,SÃO JOÃO DA BALIZA,1.0190548780487805,0
1500107,PA,6237,488.02821869488537,489.0839185505852,479.5337983004649,477.5451178451178,506.4229597562931,488.1228026294693,ABAETETUBA,0.9613219094247246,0
1500206,PA,753,476.8913678618858,480.5144754316069,470.9019920318725,461.1620185922975,458.0610889774237,469.5061885790173,ACARÁ,0.9302544769085768,0
1500404,PA,947,474.6946145723337,476.0901795142556,465.5631467793031,458.9848996832101,463.1467793030623,467.695923970433,ALENQUER,0.8757119609438568,0
1500503,PA,498,470.6423694779117,472.9038152610442,465.212248995984,453.0684738955823,439.1967871485944,460.20473895582336,ALMEIRIM,0.990909090909091,0
1500602,PA,5813,488.49938069843455,496.929468432823,484.9003612592465,477.8232754171685,494.5191811457079,488.53433339067607,ALTAMIRA,1.3957806973218798,0
1500701,PA,329,469.52492401215807,476.9136778115501,457.8224924012158,455.8133738601824,457.1428571428572,463.4434650455927,ANAJÁS,0.7947952218430034,0
1500800,PA,19314,505.8155483069276,514.4252096924511,503.2317593455524,496.9521279900591,521.0759034896965,508.3001097649373,ANANINDEUA,1.336151132019994,1
1500909,PA,791,478.7236409608091,485.2039190897598,471.1006321112516,466.5509481668773,485.6131479140329,477.43845764854615,AUGUSTO CORRÊA,0.8332619863013698,0
1501204,PA,868,470.2876728110599,471.6768433179723,461.87453917050686,460.2657834101383,469.9769585253456,466.81635944700463,BAIÃO,0.7669902912621359,0
1501303,PA,3666,495.0718767048554,503.8989361702128,492.6782869612657,480.464948172395,496.5793780687397,493.7386852154938,BARCARENA,1.2421829762594094,1
1501402,PA,67136,511.5720492731173,522.5341932793136,508.6555707816968,503.9896791587226,539.865943755958,517.3234872497617,BELÉM,1.464194575613161,1
1501501,PA,2224,494.6368255395684,506.48399280575535,490.70566546762586,482.1452338129496,516.6187050359712,498.1180845323741,BENEVIDES,1.1016088722274289,1
1501709,PA,4876,486.717165709598,493.05307629204265,480.2991591468417,476.49220672682526,504.17555373256766,488.1474323215751,BRAGANÇA,0.9662468157373336,0
1501782,PA,706,481.9930594900849,488.8586402266289,473.4045325779037,469.38739376770536,485.5524079320113,479.8392067988668,BREU BRANCO,1.0273170731707315,0
1501808,PA,4263,477.4849870982876,486.01578700445697,475.9286418015482,465.6017827820783,495.02228477597936,480.0106966924701,BREVES,0.9461052981232352,0
1501907,PA,753,475.1766268260292,477.67357237715805,464.9713147410359,464.5609561752988,454.9269588313413,467.46188579017263,BUJARU,0.905786350148368,0
1502103,PA,6216,481.056241956242,487.0381595881596,473.9397844272845,469.2427123552124,499.6332046332046,482.1820205920206,CAMETÁ,0.7873138919650547,0
1502152,PA,1109,496.749053201082,504.25347159603245,494.75302073940486,491.7107303877367,489.8106402164112,495.4553832281334,CANAÃ DOS CARAJÁS,1.5193761814744802,1
1502202,PA,4392,489.34301001821495,493.1267987249544,483.63010018214936,477.93592896174863,509.72222222222223,490.7516120218579,CAPANEMA,1.0795928583347238,0
1502301,PA,2248,480.6063167259787,484.3682829181494,472.3305604982207,470.8813612099645,484.47508896797154,478.532322064057,CAPITÃO POÇO,0.846867936712948,0
1502400,PA,7172,506.083700501952,513.1865030674846,500.0446319018405,495.1133714445064,552.6324595649749,513.4121332961516,CASTANHAL,1.2815172552570682,1
1502707,PA,2130,482.7669483568075,481.9720187793428,468.8009389671362,469.7532394366197,457.7276995305164,472.2041690140844,CONCEIÇÃO DO ARAGUAIA,1.0369198312236287,0
1502756,PA,639,474.94413145539903,483.9621283255086,473.1464788732394,468.2455399061033,449.5774647887324,469.97514866979657,CONCÓRDIA DO PARÁ,0.8982623318385651,0
1502806,PA,650,469.7950769230769,467.19584615384616,457.6772307692308,453.0103076923077,441.8769230769231,457.91107692307696,CURRALINHO,0.835612968591692,0
1502905,PA,1250,481.06536,486.90176,477.73424000000006,466.1048,489.088,480.17883200000006,CURUÇÁ,0.8634887839433294,0
1502939,PA,785,486.53936305732486,494.0656050955414,486.6728662420383,477.8487898089172,496.50955414012736,488.32723566878974,DOM ELISEU,1.2046296296296295,0
1502954,PA,711,476.4201125175809,481.2427566807313,469.4568213783404,463.1808720112517,455.55555555555554,469.171223628692,ELDORADO DO CARAJÁS,1.041326530612245,0
1503044,PA,348,476.56293103448274,473.4729885057472,463.7617816091954,456.0020114942529,438.3333333333333,461.6266091954023,FLORESTA DO ARAGUAIA,1.0886150234741785,0
1503093,PA,384,477.5885416666667,494.8455729166667,481.728125,469.86432291666665,475.6770833333333,479.9407291666668,GOIANÉSIA DO PARÁ,1.188793103448276,0
1503200,PA,1837,483.2726728361459,485.7751224823081,477.00489929232447,470.0356015242243,490.8219923788786,481.38205770277625,IGARAPÉ-AÇU,0.8167183863460047,0
1503309,PA,1641,474.49305301645336,475.9859841560024,468.89287020109685,464.7042047531992,473.18708104814135,471.45263863497865,IGARAPÉ-MIRI,0.8325011887779363,0
1503606,PA,2540,484.7856692913386,491.86279527559054,479.80807086614175,474.13759842519687,492.93700787401576,484.7062283464567,ITAITUBA,1.2032581798185318,0
1503705,PA,890,478.4991011235955,479.8616853932584,468.0602247191011,466.3588764044944,470.3820224719101,472.6323820224719,ITUPIRANGA,1.0148373983739838,0
1503804,PA,1112,481.9464928057554,490.6554856115108,480.2392086330936,474.0383992805755,486.2230215827338,482.6205215827338,JACUNDÁ,1.1127062706270627,0
1503903,PA,807,484.5982651796778,484.8688971499381,472.5710037174721,470.9905824039653,482.1065675340768,479.027063197026,JURUTI,1.053391959798995,0
1504000,PA,1097,472.9238833181404,474.506836827712,460.9527803099362,453.98678213309023,442.661804922516,461.00641750227896,LIMOEIRO DO AJURU,0.8694081211286993,0
1504059,PA,1378,482.0118287373005,484.421915820029,474.0150943396227,474.2981132075472,481.8577648766328,479.3209433962264,MÃE DO RIO,0.9306002143622722,0
1504208,PA,11019,493.2669933750794,500.8096106724748,489.4536437063255,485.5632634540339,505.50685180143387,494.9200726018695,MARABÁ,1.4250866606753114,1
1504422,PA,3626,496.4908714837286,503.215499172642,494.657722007722,482.31409266409264,498.0805295091009,494.9517429674573,MARITUBA,1.0803846153846153,1
1504604,PA,1616,471.5253094059406,475.5607673267326,466.4387376237624,458.8339727722772,467.63613861386136,467.99898514851486,MOCAJUBA,0.8073598130841122,0
1504703,PA,1534,478.2002607561929,478.5299217731421,471.3828552803129,461.3289439374185,465.006518904824,470.88970013037806,MOJU,0.8461978928080623,0
1504802,PA,1747,479.25787063537496,477.7663995420721,465.21453921007446,466.49393245563823,482.38122495706926,474.2227933600458,MONTE ALEGRE,0.810348731884058,0
1505031,PA,349,493.7005730659026,504.5232091690544,481.4922636103152,486.1309455587393,485.9598853868195,490.36137535816624,NOVO PROGRESSO,1.836334745762712,1
1505064,PA,765,480.03084967320257,483.5542483660131,469.7135947712418,469.7288888888888,455.47712418300654,471.70094117647056,NOVO REPARTIMENTO,1.0955607476635514,0
1505106,PA,1259,474.8845909451946,486.2194598888007,472.31008737092935,463.4782366957903,471.231135822081,473.6247021445592,ÓBIDOS,0.9576711491442544,0
1505205,PA,749,475.8076101468625,478.2970627503338,469.2931909212283,463.3596795727637,472.68357810413886,471.8882242990654,OEIRAS DO PARÁ,0.8802349336057201,0
1505304,PA,1412,488.8690509915014,492.5839943342776,482.00807365439096,477.071104815864,498.0878186968839,487.7240084985836,ORIXIMINÁ,1.0504712301587302,0
1505486,PA,492,476.7605691056911,480.1256097560976,462.13882113821137,470.2481707317073,446.8292682926829,467.2204878048781,PACAJÁ,1.0872827804107426,0
1505502,PA,3427,494.7546542165159,501.5910125474176,493.650889991246,489.5448205427488,512.8275459585643,498.4737846512985,PARAGOMINAS,1.366915161696766,1
1505536,PA,7712,494.8745980290456,504.0871887966805,496.0096862033195,491.5225622406639,498.12759336099583,496.9243257261411,PARAUAPEBAS,1.6253049924924925,1
1505700,PA,494,484.7165991902834,492.5078947368421,479.2611336032389,468.3777327935223,486.3562753036437,482.2439271255061,PONTA DE PEDRAS,0.7726917057902973,0
1505809,PA,1045,476.44191387559806,484.03224880382777,473.3181818181818,465.6613397129186,485.1100478468899,476.9127464114832,PORTEL,0.9167701863354036,0
1506005,PA,291,473.6927835051546,476.5553264604811,450.95085910652926,451.6573883161512,428.3161512027492,456.234501718213,PRAINHA,0.6652173913043479,0
1506138,PA,2694,484.4238307349666,486.0156644394952,478.2769116555308,470.3851893095768,474.93689680772087,478.807698589458,REDENÇÃO,1.3767365840370471,0
1506187,PA,1285,482.7779766536965,488.2001556420233,477.9025680933853,477.9781322957199,488.4046692607004,483.052700389105,RONDON DO PARÁ,1.2334271419637273,0
1506195,PA,362,478.5149171270718,486.6019337016575,469.9162983425415,470.282320441989,460.4972375690608,473.1625414364641,RURÓPOLIS,1.0726141078838174,0
1506203,PA,1545,484.2988996763754,493.6860194174757,482.5768284789644,470.3585113268609,477.747572815534,481.73356634304207,SALINÓPOLIS,0.8995087092451988,0
1506302,PA,1136,478.3843309859155,478.4107394366197,462.9012323943662,457.2395246478873,453.2042253521127,466.0280105633803,SALVATERRA,0.700089928057554,0
1506500,PA,2115,496.4952718676123,504.5540425531915,490.90520094562646,480.39120567375886,523.338061465721,499.1367565011821,SANTA IZABEL DO PARÁ,1.1754865141686583,1
1506708,PA,391,474.4851662404092,481.5455242966752,468.6038363171356,465.743989769821,443.17135549872125,466.70997442455246,SANTANA DO ARAGUAIA,1.3110655737704917,0
1506807,PA,14284,495.6706384766172,505.88589330719685,492.8646737608513,488.4272962755531,532.0848501820218,502.986670400448,SANTARÉM,1.2915879703617608,1
1507201,PA,510,480.6749019607843,477.8015686274509,468.7807843137255,461.06254901960784,454.3137254901961,468.526705882353,SÃO DOMINGOS DO CAPIM,0.9524320457796852,0
1507300,PA,478,484.6807531380753,492.26631799163175,475.3853556485356,476.6554393305439,489.5397489539749,483.7055230125523,SÃO FÉLIX DO XINGU,1.4107142857142858,0
1507458,PA,564,474.2491134751773,471.2895390070922,459.6941489361702,462.1058510638298,444.6808510638298,462.40390070921984,SÃO GERALDO DO ARAGUAIA,1.078125,0
1507607,PA,2483,486.4325412807089,491.6770036246476,479.1975030205396,472.44462343938784,494.8288360853806,484.916101490133,SÃO MIGUEL DO GUAMÁ,0.8542626728110599,0
1507706,PA,722,470.9714681440444,480.1851800554017,468.7831024930748,462.744459833795,473.82271468144046,471.30138504155127,SÃO SEBASTIÃO DA BOA VISTA,0.7759562841530054,0
1507904,PA,943,479.1930010604454,479.31060445387067,473.57073170731707,463.2049840933192,494.2948038176034,477.9148250265112,SOURE,0.81998556998557,0
1507953,PA,1156,488.2824394463668,492.2660899653979,483.8401384083045,475.77647058823527,495.7093425605536,487.1748961937717,TAILÂNDIA,1.1320998278829604,0
1508001,PA,1959,481.2535987748852,485.75405819295554,478.3773353751914,466.9869831546707,463.3792751403777,475.15025012761606,TOMÉ-AÇU,0.994258872651357,0
1508084,PA,1002,497.623253493014,500.4358283433134,487.839620758483,493.758383233533,512.2355289421158,498.3785229540919,TUCUMÃ,1.4756144393241168,1
1508100,PA,3887,495.2836892204785,502.6485464368407,488.203550295858,487.641986107538,505.4334962696167,495.8422536660663,TUCURUÍ,1.3066020810907786,1
1508159,PA,669,481.1304932735426,485.52002989536624,471.1560538116592,463.17952167414046,452.406576980568,470.67853512705534,URUARÁ,1.0824800910125143,0
1508209,PA,2038,479.3837095191364,483.3746319921492,477.3263493621197,467.4218842001963,481.33464180569183,477.7682433758587,VIGIA,0.8359861591695502,0
1508407,PA,1589,483.7144115796098,486.3321585903084,475.5620516047829,471.6040276903713,482.8949024543738,480.0215103838893,XINGUARA,1.3755339345040345,0
1600105,AP,246,465.6605691056911,464.3260162601626,453.3252032520325,445.4719512195122,440.1626016260163,453.78926829268295,AMAPÁ,0.912280701754386,0
1600279,AP,1709,481.6925102399064,488.05710942071386,479.74084259801054,467.7672908133412,474.2890579286132,478.3093622001171,LARANJAL DO JARI,1.0686813186813189,0
1600303,AP,21197,492.0491909232438,503.0044110015568,494.10599613152806,483.9013964240223,505.3677407180261,495.68574703967545,MACAPÁ,1.376710179490398,1
1600402,AP,553,470.2028933092224,469.0390596745027,460.873417721519,456.6030741410488,440.506329113924,459.4449547920434,MAZAGÃO,0.9610759493670886,0
1600501,AP,776,467.2854381443299,474.5255154639175,466.7012886597938,452.98956185567016,434.4072164948454,459.1818041237113,OIAPOQUE,1.0489864864864864,0
1600535,AP,658,472.8506079027356,484.0018237082067,473.3267477203647,460.1478723404255,458.6322188449848,469.7918541033435,PORTO GRANDE,1.013050153531218,0
1600600,AP,6619,483.7389635896661,496.37498111497206,487.3558694666868,476.8061640731228,500.7221634688019,488.9996283426499,SANTANA,1.1188282423635454,0
1600709,AP,193,466.4569948186528,467.63005181347154,458.61139896373055,452.28186528497406,438.5492227979275,456.70590673575134,TARTARUGALZINHO,0.8886430678466076,0
1701002,TO,473,474.61437632135306,476.938266384778,468.7139534883721,473.5329809725159,473.276955602537,473.4153065539112,ANANÁS,1.1021505376344083,0
1702109,TO,8139,499.60751935127166,501.3214154072982,493.450743334562,493.71589875906136,517.6975058360978,501.1586165376581,ARAGUAÍNA,1.5510516689529037,1
1702158,TO,190,472.5842105263158,472.26210526315793,467.4836842105263,450.6810526315789,433.05263157894734,459.2127368421053,ARAGUANÃ,1.050561797752809,0
1702208,TO,1272,487.4643867924528,487.65361635220125,476.8555817610063,477.7084119496855,488.1918238993711,483.57476415094345,ARAGUATINS,1.0921372191863996,0
1702307,TO,194,478.889175257732,474.1927835051546,463.8948453608248,462.8989690721649,467.11340206185565,469.3978350515464,ARAPOEMA,1.323293172690763,0
1702406,TO,599,468.669449081803,473.5974958263773,462.6686143572621,457.4964941569282,445.40901502504175,461.5682136894825,ARRAIAS,0.881453804347826,0
1702554,TO,941,480.4165781083953,482.6749202975558,476.5875664187036,478.4060573857598,487.05632306057385,481.02828905419767,AUGUSTINÓPOLIS,1.061760063141279,0
1703701,TO,205,467.909756097561,470.6424390243902,461.4268292682927,451.360487804878,442.4390243902439,458.75570731707313,BREJINHO DE NAZARÉ,0.9516393442622952,0
1705508,TO,1025,487.0531707317073,493.8683902439024,482.972,488.1220487804878,482.3414634146341,486.8714146341464,COLINAS DO TOCANTINS,1.261199172984149,0
1706100,TO,313,484.6872204472844,493.7495207667732,486.0338658146965,488.70862619808304,488.1789137380192,488.2716293929713,CRISTALÂNDIA,1.212962962962963,0
1707009,TO,793,479.1817150063051,485.28675914249686,477.3116015132408,476.68928121059264,480.3530895334174,479.76448928121056,DIANÓPOLIS,1.202414113277623,0
1707405,TO,148,474.3682432432432,478.9378378378378,469.8885135135135,468.7168918918919,471.6216216216216,472.7066216216216,ESPERANTINA,0.8223350253807107,0
1708205,TO,466,497.06437768240346,492.1392703862661,481.8555793991417,486.51330472103007,500.2145922746781,491.5574248927039,FORMOSO DO ARAGUAIA,1.2558510638297873,1
1709302,TO,1574,480.1543202033037,477.7980940279542,475.3324650571792,470.1566073697586,488.4879288437103,478.3858831003812,GUARAÍ,1.261722866174921,0
1709500,TO,2599,507.7993459022701,513.7069257406695,501.272297037322,513.4435936898807,524.6171604463256,512.1678645632935,GURUPI,1.7496048055643376,1
1710508,TO,261,458.5681992337165,454.3655172413793,448.955938697318,457.6402298850575,405.823754789272,445.07072796934864,ITACAJÁ,0.8830213903743316,0
1713205,TO,1542,480.9370946822309,484.03294422827497,474.8057717250324,472.6189364461738,470.3631647211414,476.5515823605707,MIRACEMA DO TOCANTINS,1.211778846153846,0
1714203,TO,305,468.7396721311476,469.2150819672131,464.0186885245902,464.0645901639344,443.8032786885246,461.968262295082,NATIVIDADE,1.0591647331786542,0
1715101,TO,425,463.5388235294118,470.02894117647054,453.1327058823529,454.62894117647056,435.3411764705882,455.3341176470588,NOVO ACORDO,1.007908611599297,0
1715754,TO,357,474.1453781512605,482.80084033613446,471.263025210084,483.1397759103641,462.3529411764706,474.7403921568627,PALMEIRÓPOLIS,1.0526030368763557,0
1716109,TO,2019,494.2539375928677,501.05354135710746,492.4290242694403,494.9577513620604,502.6052501238237,497.05990094106,PARAÍSO DO TOCANTINS,1.5859375,1
1716505,TO,757,474.84795244385737,478.40713342140026,467.5202113606341,472.4784676354029,441.1889035667107,466.888533685601,PEDRO AFONSO,1.294834307992203,0
1716604,TO,178,475.31011235955054,471.1662921348315,474.7258426966292,465.617415730337,466.96629213483146,470.7571910112359,PEIXE,1.0927947598253276,0
1718204,TO,3124,489.57621638924456,493.5801216389245,485.76680537772086,485.23373879641485,495.1216389244559,489.8557042253521,PORTO NACIONAL,1.4505692379182156,0
1718865,TO,386,474.1277202072538,473.5119170984456,460.44611398963735,461.69663212435233,445.90673575129534,463.1378238341969,SANTA FÉ DO ARAGUAIA,1.1996007984031936,0
1720804,TO,549,481.8224043715847,478.5781420765028,471.4344262295082,467.4109289617487,470.2367941712204,473.8965391621129,SÍTIO NOVO DO TOCANTINS,1.045571245186136,0
1720903,TO,404,477.7329207920792,477.1462871287129,466.51930693069306,470.5180693069306,452.8217821782178,468.9476732673267,TAGUATINGA,0.9967248908296944,0
1721000,TO,14400,507.6175,516.69175,508.1135902777778,512.2810902777778,525.9930555555555,514.1393972222222,PALMAS,1.8436170751468504,1
1721208,TO,1019,475.3794896957802,480.875269872424,474.8478900883219,466.7013738959765,462.4533856722277,472.0514818449461,TOCANTINÓPOLIS,1.1931734317343174,0
1722081,TO,341,480.6607038123167,478.1190615835777,466.0527859237537,469.0131964809384,470.4398826979472,472.8571260997067,WANDERLÂNDIA,1.1316631130063963,0
1722107,TO,308,481.1373376623376,483.7535714285714,481.3743506493506,470.51071428571424,489.2207792207792,481.1993506493506,XAMBIOÁ,1.1933638443935928,0
2100055,MA,3742,490.95539818279,497.01402993051846,491.020416889364,488.4605558524853,500.32068412613575,493.5542169962587,AÇAILÂNDIA,1.2749449008214786,1
2100204,MA,330,487.14181818181817,488.3284848484848,478.0978787878788,474.68030303030304,454.969696969697,476.6436363636364,ALCÂNTARA,1.0758317025440314,0
2100600,MA,659,485.92625189681337,479.3086494688922,470.1288315629743,482.1532625189681,464.9165402124431,476.4867071320183,AMARANTE DO MARANHÃO,0.97045191193511,0
2100709,MA,334,480.73802395209583,479.1173652694611,473.5263473053892,473.1748502994012,488.0239520958084,478.9161077844311,ANAJATUBA,0.9010934393638173,0
2100907,MA,551,475.3869328493648,472.2223230490018,468.635390199637,464.8001814882032,467.1506352087114,469.6390925589836,ARAIOSES,0.8616951379763469,0
2100956,MA,387,466.8268733850129,471.1956072351422,457.8826873385013,462.58320413436695,432.2997416020672,458.1576227390181,ARAME,0.8368869936034116,0
2101004,MA,1269,479.3768321513002,479.5025216706068,474.4293932230103,472.3364066193853,469.9763593380615,475.1243026004728,ARARI,0.8974507531865585,0
2101202,MA,4413,487.44699750736464,490.32327215046456,485.3840018128258,483.0239519601178,483.5622025832767,485.9480852028099,BACABAL,0.9713386348575216,0
2101301,MA,460,472.5589130434783,467.3534782608696,461.75586956521744,464.1723913043478,457.8695652173913,464.7420434782609,BACURI,0.7873427672955975,0
2101400,MA,3341,488.7237354085603,489.5656090990721,481.0741694103562,483.6376234660282,483.5737803052978,485.3149835378629,BALSAS,1.3418705694031556,0
2101509,MA,671,485.5278688524591,481.018479880775,471.7965722801789,474.9581222056632,456.78092399403874,474.01639344262304,BARÃO DE GRAJAÚ,0.9223940435280642,0
2101608,MA,1810,483.2586187845304,485.61038674033153,481.0614917127072,479.2724861878453,480.44198895027625,481.9289944751381,BARRA DO CORDA,1.0082197273456297,0
2101707,MA,1028,484.81780155642025,481.140953307393,475.6979571984436,472.8849221789884,463.5214007782101,475.612607003891,BARREIRINHAS,0.7337259764414135,0
2101905,MA,469,479.7835820895522,476.3315565031983,468.64264392324094,468.92963752665247,465.8848614072495,471.9144562899786,BEQUIMÃO,0.8207831325301205,0
2102002,MA,735,481.8865306122449,474.9677551020408,468.9910204081633,472.6957823129252,453.1700680272109,470.34223129251706,BOM JARDIM,0.8623036649214659,0
2102101,MA,559,477.9282647584973,473.1459749552772,462.37781753130594,464.33631484794273,446.1896243291592,464.7955992844365,BREJO,0.7130307467057101,0
2102309,MA,406,471.70197044334975,469.7637931034483,459.47635467980297,460.5748768472906,446.7980295566503,461.66300492610833,BURITI BRAVO,0.71529284164859,0
2102325,MA,1579,477.4286257124763,473.72425585813806,467.9613679544015,469.0993666877771,430.6903103229892,463.7807853071564,BURITICUPU,0.9089022140221402,0
2102804,MA,607,486.05963756177925,498.5011532125206,485.0594728171334,478.9070840197693,493.3113673805601,488.3677429983525,CAROLINA,1.175117924528302,0
2102903,MA,990,473.0936363636364,471.68030303030304,464.0155555555556,464.949494949495,463.85858585858585,467.5195151515151,CARUTAPERA,0.7787356321839081,0
2103000,MA,6848,486.2228095794392,484.0450204439252,478.3737295560748,473.73852219626167,467.5496495327103,477.9859462616822,CAXIAS,0.8831741366642175,0
2103208,MA,2687,479.28935615928543,478.1656494231485,469.9637513956085,469.1141793822106,460.89318943059175,471.4852251581689,CHAPADINHA,0.756578947368421,0
2103307,MA,3175,480.7325354330709,478.0595275590552,474.29464566929136,469.72985826771657,457.4614173228346,472.0555968503937,CODÓ,0.8123044255699597,0
2103406,MA,1225,479.636,483.2422040816326,476.6461224489796,472.2182040816327,480.8326530612245,478.51503673469387,COELHO NETO,0.8188775510204082,0
2103505,MA,1180,472.9217796610169,464.8161016949152,458.2552542372881,460.6946610169491,437.0847457627119,458.75450847457626,COLINAS,0.7494845360824742,0
2103604,MA,1485,477.59670033670034,474.739595959596,468.5896296296296,468.350101010101,470.962962962963,472.047797979798,COROATÁ,0.7260448521916412,0
2103703,MA,487,482.7166324435318,483.1373716632443,478.2322381930185,468.1254620123203,504.1889117043121,483.28012320328537,CURURUPU,0.8669172932330828,0
2103802,MA,1167,482.6606683804627,488.6640959725793,479.873264781491,484.88543273350473,500.25706940874034,487.2681062553556,DOM PEDRO,0.8981481481481481,0
2104008,MA,816,474.85281862745103,473.9682598039215,460.315931372549,465.1977941176471,451.421568627451,465.1512745098039,ESPERANTINÓPOLIS,0.8628702757916241,0
2104057,MA,945,484.8932275132275,485.4086772486773,475.105291005291,482.0402116402116,486.0740740740741,482.70429629629626,ESTREITO,1.2536828422876949,0
2104099,MA,654,474.62125382263,470.97125382263,459.9380733944954,471.3918960244648,441.43730886850153,463.6719571865444,FORMOSA DA SERRA NEGRA,0.6906896551724138,0
2104677,MA,351,483.50056980056985,476.4037037037037,464.27606837606834,468.23703703703706,454.64387464387465,469.41225071225074,GOVERNADOR NUNES FREIRE,0.7955407969639469,0
2104800,MA,1958,477.4514811031665,473.2013278855976,468.34259448416753,465.7935648621042,447.0173646578141,466.36126659857,GRAJAÚ,0.9372113676731794,0
2105005,MA,404,467.8002475247524,464.8940594059406,456.6695544554456,451.76955445544553,433.5148514851485,454.9296534653466,HUMBERTO DE CAMPOS,0.5626029654036244,0
2105104,MA,1100,468.88072727272726,464.62754545454544,460.205,454.2782727272727,430.4181818181818,455.6819454545454,ICATU,0.8002689979825152,0
2105302,MA,16465,503.4593865775888,509.6769511084118,500.827828727604,499.2453325235348,538.1803826298209,510.27797631339206,IMPERATRIZ,1.519892202987256,1
2105401,MA,1634,470.05305997552017,470.7114443084456,469.0624847001224,463.0982252141983,443.6964504283966,463.3243329253366,ITAPECURU MIRIM,0.8763616557734205,0
2105427,MA,519,484.33082851637766,487.4645472061657,478.2631984585742,481.704816955684,483.776493256262,483.1079768786127,ITINGA DO MARANHÃO,1.0858895705521472,0
2105500,MA,1503,487.13998669328015,488.40958083832334,481.3938123752495,478.14630738522953,499.6007984031936,486.9380971390552,JOÃO LISBOA,1.0925037859666835,0
2105708,MA,1674,477.7270011947432,478.39318996415767,471.3802867383512,473.09904420549583,465.56750298685785,473.2334050179212,LAGO DA PEDRA,0.7865767045454546,0
2106326,MA,803,469.3153175591532,466.6780821917809,460.3022415940224,462.79987546699874,438.38107098381073,459.4953175591533,MARACAÇUMÉ,0.7214095744680851,0
2106508,MA,599,474.5547579298831,469.8108514190317,462.5754590984975,462.3667779632721,445.542570951586,462.9700834724541,MATINHA,0.6830601092896175,0
2106805,MA,868,472.7244239631336,469.7270737327189,464.6807603686637,460.97741935483873,462.8571428571428,466.1933640552994,MIRINZAL,0.7437917860553964,0
2107001,MA,810,479.86185185185184,477.1103703703704,469.6253086419753,465.9066666666667,466.5432098765432,471.80948148148144,MONTES ALTOS,0.880085146641438,0
2107506,MA,5452,490.7167278063096,499.90640132061634,495.856749816581,485.3181034482759,491.1115187087307,492.58190022010274,PAÇO DO LUMIAR,1.192284649181201,1
2107803,MA,1068,471.5875468164794,466.93389513108616,458.91470037453183,462.90945692883895,471.5730337078652,466.3837265917603,PARNARAMA,0.7173655063291139,0
2108207,MA,2333,487.5182597513931,482.7358336905272,479.3080154307759,478.3342048864124,480.47149592798974,481.6735619374196,PEDREIRAS,0.9595187917105724,0
2108306,MA,324,470.3524691358025,467.954012345679,462.7188271604938,460.5966049382716,434.1358024691358,459.1515432098766,PENALVA,0.6394736842105263,0
2108504,MA,708,479.7112994350282,479.8984463276836,474.6262711864407,475.3946327683616,487.6553672316384,479.45720338983057,PINDARÉ-MIRIM,0.9389352818371608,0
2108603,MA,3645,487.122633744856,489.4053223593964,482.2978600823045,476.0266392318245,479.57750342935526,482.8859917695473,PINHEIRO,0.9553419711129992,0
2108702,MA,750,474.28426666666667,472.3425333333334,466.31320000000005,461.0616,455.92,465.98432,PIO XII,0.9039502164502164,0
2109007,MA,1265,482.9833201581028,488.28276679841895,476.466324110672,477.2329644268775,482.798418972332,481.5527588932807,PORTO FRANCO,1.0133713942307692,0
2109106,MA,1619,478.383446571958,478.4175416924027,472.6229771463866,467.7297714638666,473.7492279184682,474.1805929586164,PRESIDENTE DUTRA,0.8676024279210925,0
2109452,MA,1025,482.4249756097561,486.3002926829268,482.42917073170736,474.6959024390244,478.8682926829269,480.9437268292683,RAPOSA,0.9188096987509184,0
2109601,MA,1580,474.9898101265823,480.8162658227848,473.0064556962025,468.2251898734178,457.746835443038,470.95691139240506,ROSÁRIO,0.8446936056838366,0
2109809,MA,854,478.3463700234192,476.32377049180326,474.74824355971896,475.5615925058548,483.4894613583138,477.6938875878221,SANTA HELENA,0.701058201058201,0
2109908,MA,3685,485.90344640434193,485.8644233378561,481.526512890095,477.9119674355496,485.5630936227951,483.3538887381275,SANTA INÊS,1.035979154139106,0
2110005,MA,850,473.8428235294118,474.048705882353,469.41482352941176,470.9263529411765,453.15294117647056,468.2771294117647,SANTA LUZIA,0.8793032786885245,0
2110039,MA,708,480.3312146892656,477.3492937853107,463.4573446327684,466.7204802259887,464.6045197740113,470.4925706214689,SANTA LUZIA DO PARUÁ,0.7329059829059829,0
2110203,MA,819,472.0444444444445,473.8626373626374,469.1982905982906,463.1336996336996,432.4786324786325,462.1435409035409,SANTA RITA,0.7927389705882353,0
2110500,MA,1319,476.0055344958302,472.7011372251706,467.4067475360121,464.38544351781655,447.5815011372252,465.616072782411,SÃO BENTO,0.6322701688555347,0
2110609,MA,1814,471.429217199559,467.8166482910695,462.2198456449835,460.7814773980154,445.8103638368247,461.6115104740904,SÃO BERNARDO,0.5688764528626775,0
2110708,MA,973,477.7817060637204,470.7947584789311,463.9553956834532,467.7002055498458,438.9722507708119,463.8408633093525,SÃO DOMINGOS DO MARANHÃO,0.68946474086661,0
2111102,MA,1910,479.2371204188482,477.7242931937173,470.8160209424084,473.4987958115183,456.7958115183246,471.61440837696335,SÃO JOÃO DOS PATOS,0.8820139190952588,0
2111201,MA,3372,485.1550415183867,489.42345788849343,484.9713819691578,474.9553084223013,464.270462633452,479.7551304863583,SÃO JOSÉ DE RIBAMAR,1.02205312136487,0
2111300,MA,68296,499.94096433173246,509.558035609699,501.83952500878536,496.3734450040998,515.4621061262739,504.6348152161181,SÃO LUÍS,1.3924781152058792,1
2111508,MA,1147,477.2735832606801,474.8274629468178,467.4513513513513,467.3893635571055,459.8779424585876,469.3639407149085,SÃO MATEUS DO MARANHÃO,0.7379406307977736,0
2111607,MA,952,480.2034663865546,477.3844537815126,465.5489495798319,477.6905462184874,463.5504201680672,472.8755672268908,SÃO RAIMUNDO DAS MANGABEIRAS,0.8808492201039861,0
2111706,MA,657,468.2791476407915,459.3117199391172,453.6829528158296,448.66529680365295,412.7549467275495,448.5388127853881,SÃO VICENTE FERRER,0.5891587677725119,0
2112100,MA,795,473.29333333333335,465.76603773584907,460.931572327044,463.4880503144654,440.37735849056605,460.7712704402516,TIMBIRAS,0.6032608695652174,0
2112209,MA,5106,488.5590285938112,490.689874657266,486.40374069721895,484.0811006658833,492.64394829612223,488.47553858206027,TIMON,1.0608683704314372,0
2112308,MA,527,478.2628083491461,480.26963946869074,467.76204933586337,475.6051233396584,458.1783681214421,472.01559772296014,TUNTUM,0.8772954924874792,0
2112407,MA,366,464.7084699453552,465.1407103825137,454.1079234972677,457.46448087431696,421.0382513661202,452.4919672131147,TURIAÇU,0.5860266159695817,0
2112506,MA,759,480.7503293807642,478.4280632411068,473.1044795783926,470.73623188405793,464.901185770751,473.5840579710145,TUTÓIA,0.8142787046123651,0
2112605,MA,888,471.3542792792792,464.0496621621621,454.52635135135137,456.8502252252253,423.6486486486487,454.08583333333337,URBANO SANTOS,0.6957928802588996,0
2112704,MA,1027,467.8536514118793,466.5410905550146,461.0925024342746,456.9221032132425,424.36222005842257,455.3543135345667,VARGEM GRANDE,0.7302399435426958,0
2112803,MA,1064,474.7099624060151,472.1412593984962,470.815977443609,472.094454887218,459.43609022556393,469.8395488721805,VIANA,0.8050755939524838,0
2113009,MA,1038,482.76175337186896,476.86184971098265,468.1485549132948,471.4090558766859,489.7495183044316,477.7861464354528,VITORINO FREIRE,0.8953098827470687,0
2114007,MA,1341,482.654884414616,475.79888143176737,472.482774049217,466.17419835943326,465.6524981357196,472.5526472781506,ZÉ DOCA,0.7598382749326146,0
2200202,PI,1848,480.23371212121214,478.9862012987013,472.7845779220779,475.136525974026,476.1688311688312,476.66196969696966,ÁGUA BRANCA,0.8424701365187713,0
2200400,PI,2119,484.7857008022653,485.922180273714,478.1129306276546,480.1258140632374,480.8966493629071,481.9686550259556,ALTOS,0.9446952595936796,0
2200509,PI,844,476.3964454976303,475.32097156398106,464.4822274881517,461.5946682464455,450.37914691943126,465.6346919431279,AMARANTE,0.7608303249097473,0
2201200,PI,2388,478.986013400335,481.9143634840871,473.0879815745394,473.40833333333336,475.5276381909548,476.5848659966499,BARRAS,0.7071118349619978,0
2201507,PI,581,477.5750430292599,482.4895008605852,472.1729776247848,475.07177280550775,462.7194492254733,474.0057487091223,BATALHA,0.8008595988538681,0
2201903,PI,2815,480.1851865008881,476.2766252220249,466.3627353463588,470.7948845470693,460.7460035523979,470.8730870337478,BOM JESUS,0.8984812150279776,0
2202000,PI,905,480.8049723756906,477.5959116022099,473.7760220994475,465.6460773480663,484.64088397790056,476.492773480663,BURITI DOS LOPES,0.6810344827586207,0
2202208,PI,2754,493.1982933914307,499.1340958605665,486.335584604212,488.3486928104575,510.2614379084968,495.4556209150327,CAMPO MAIOR,0.9622711163614884,1
2202307,PI,767,480.9316818774445,483.9267275097784,468.3689700130378,475.5756192959583,485.5541069100392,478.8714211212517,CANTO DO BURITI,0.7777212614445574,0
2202604,PI,1060,481.4025471698113,485.52349056603776,474.8884905660377,475.6333018867924,469.0754716981132,477.3046603773585,CASTELO DO PIAUÍ,0.767998417721519,0
2202901,PI,2699,473.837495368655,468.7605409410893,457.2566135605781,455.012263801408,446.53575398295663,460.28053353093736,CORRENTE,0.8601297267457908,0
2203701,PI,1188,481.8807239057239,483.2313973063973,477.6335858585858,476.7650673400673,477.3063973063973,479.3634343434344,ESPERANTINA,0.7856902356902357,0
2203909,PI,5923,486.4969947661658,486.4363329393888,477.8323822387304,481.5129832854972,484.8590241431707,483.4275434745906,FLORIANO,1.1278172793131205,0
2205508,PI,1116,480.5316308243728,484.51935483870966,477.7665770609319,478.334229390681,471.4874551971326,478.5278494623656,JOSÉ DE FREITAS,1.054925584691708,0
2205805,PI,776,477.7865979381444,478.3599226804124,467.01172680412367,470.691881443299,466.5463917525773,472.0793041237113,LUZILÂNDIA,0.7391523713420787,0
2206209,PI,343,479.0271137026239,480.55072886297376,472.6145772594752,471.0775510204082,463.265306122449,473.3070553935861,MIGUEL ALVES,0.8112472160356348,0
2206407,PI,810,483.9222222222222,482.7533333333333,477.8327160493827,476.4171604938272,478.2962962962963,479.8443456790124,MONSENHOR GIL,0.9462996389891696,0
2207009,PI,2637,480.23439514599926,483.7327265832385,470.34895714827456,475.6374288964733,478.839590443686,477.7586196435344,OEIRAS,0.7929813264649066,0
2207702,PI,8595,498.923595113438,500.5277486910995,495.8365910413031,494.573542757417,521.4101221640489,502.2543199534613,PARNAÍBA,1.1653994137046535,1
2207801,PI,1173,482.5382779198636,482.8213981244672,472.0722080136402,481.94109121909634,497.6300085251492,483.4005967604433,PAULISTANA,0.8476449275362319,0
2207900,PI,1322,492.4896369137671,497.2477307110439,482.1516641452345,485.0785930408472,509.6671709531013,493.3269591527989,PEDRO II,0.8718543046357616,1
2208007,PI,7598,489.7792576993946,496.7840747565149,483.3073440379047,493.81121347723087,522.4717030797578,497.2307186101606,PICOS,1.0936099298931157,1
2208205,PI,463,479.4568034557236,487.524838012959,473.64902807775377,477.982505399568,504.57883369330455,484.6384017278618,PIO IX,0.7755016722408027,0
2208304,PI,1117,493.5337511190689,496.3548791405551,484.448612354521,496.01342882721576,520.5192479856759,498.1739838854073,PIRACURUCA,0.8613919129082426,1
2208403,PI,3392,490.1066922169811,495.8672464622641,487.9436615566037,486.7815448113208,515.1650943396227,495.17284787735855,PIRIPIRI,0.9001516683518705,1
2208809,PI,656,476.5309451219512,475.0676829268293,469.7594512195122,467.5193597560976,469.4207317073171,471.65963414634143,REGENERAÇÃO,0.7656434474616293,0
2210003,PI,1223,474.08045789043337,472.3394112837285,466.0288634505315,463.4629599345871,453.017170891251,465.7857726901064,SÃO JOÃO DO PIAUÍ,0.8102165087956699,0
2210607,PI,2520,481.5471825396825,477.2559920634921,468.3922619047619,474.21488095238095,473.5952380952381,475.0011111111111,SÃO RAIMUNDO NONATO,0.893117088607595,0
2211001,PI,41913,511.2786677164603,520.8849569346027,510.03920740581685,520.8950778994583,547.7603607472622,522.1716541407201,TERESINA,1.5278429611161015,2
2211100,PI,1359,478.5105960264901,478.5081677704194,472.176821192053,469.5709345106696,492.8476821192053,478.3228403237675,UNIÃO,0.8480585256049522,0
2211209,PI,1520,477.8296710526316,471.6995394736842,462.2065789473684,463.29276315789474,449.4342105263158,464.89255263157895,URUÇUÍ,0.9501545595054096,0
2211308,PI,1910,480.6599476439791,482.1284293193718,471.45068062827227,473.9221465968587,476.4083769633508,476.9139162303665,VALENÇA DO PIAUÍ,0.7970222793487575,0
2300150,CE,567,482.49329805996473,484.289065255732,485.4774250440917,479.9003527336861,482.57495590828927,482.9470194003528,ACARAPE,1.0034722222222223,0
2300200,CE,1216,485.82171052631577,491.41981907894734,485.9577302631579,503.2489309210526,502.0888157894737,493.7074013157894,ACARAÚ,0.8740322580645161,1
2300309,CE,1076,486.714312267658,491.4281598513011,481.642657992565,491.1347583643123,503.2342007434944,490.83081784386616,ACOPIARA,0.7828423566878981,0
2300705,CE,420,482.46976190476187,487.115,477.8066666666666,479.9211904761905,481.5238095238095,481.76728571428566,ALTO SANTO,0.8682795698924731,0
2300754,CE,1008,477.3741071428571,480.4661706349207,471.6768849206349,490.5359126984127,470.6547619047619,478.1415674603175,AMONTADA,0.9021739130434784,0
2301000,CE,1456,495.370260989011,505.954739010989,500.4348901098901,507.660576923077,519.8763736263736,505.85936813186817,AQUIRAZ,1.0759493670886076,1
2301109,CE,2397,487.7884856070088,498.78406341259904,496.880684188569,496.3803504380475,513.6003337505215,498.6867834793491,ARACATI,0.9874037227214376,1
2301208,CE,1006,483.6924453280318,486.7401590457257,480.625944333996,480.5584493041749,497.8926441351889,485.9019284294234,ARACOIABA,0.7389240506329114,0
2301307,CE,729,485.7617283950617,490.18930041152265,483.3540466392318,486.3514403292181,516.7626886145405,492.483840877915,ARARIPE,0.7618343195266272,0
2301406,CE,421,482.7809976247031,495.4788598574822,483.9980997624704,485.58598574821855,486.1757719714964,486.8039429928741,ARATUBA,0.76416015625,0
2301604,CE,1023,481.7921798631476,486.65464320625614,475.2600195503421,486.84183773216034,487.0576735092864,483.5212707722385,ASSARÉ,0.8105716878402904,0
2301703,CE,721,485.30679611650487,487.88571428571424,481.3456310679612,485.3782246879334,506.629680998613,489.3092094313453,AURORA,0.7322435174746336,0
2301851,CE,392,483.3803571428572,483.4783163265306,484.6775510204082,484.2977040816327,471.2244897959184,481.41168367346944,BANABUIÚ,0.8299418604651163,0
2301901,CE,1984,506.9464213709677,513.684375,499.2784274193549,513.7442036290323,523.2056451612904,511.37181451612906,BARBALHA,1.2623836126629422,1
2301950,CE,595,486.6394957983193,491.9425210084033,495.54924369747897,493.8895798319328,501.8487394957983,493.9739159663865,BARREIRA,0.868231046931408,1
2302008,CE,822,496.3913625304136,500.5098540145985,488.76532846715327,493.8111922141119,509.58637469586375,497.8128223844283,BARRO,0.8109619686800895,1
2302057,CE,429,479.367365967366,491.24941724941726,481.60629370629374,486.5058275058275,523.1701631701632,492.3798135198135,BARROQUINHA,0.7505133470225873,0
2302107,CE,1714,484.2000583430572,487.3355309218203,485.038389731622,480.5865810968495,481.0385064177363,483.639813302217,BATURITÉ,0.8175,0
2302206,CE,1351,496.51835677276097,501.3353811991117,491.8447816432273,497.9031828275352,515.4404145077721,500.6084233900814,BEBERIBE,0.8111042183622829,1
2302305,CE,529,489.5680529300567,501.5357277882798,493.7117202268431,516.7039697542533,517.1266540642722,503.72922495274105,BELA CRUZ,0.8499234303215927,1
2302404,CE,1288,483.7232142857143,485.8767080745341,479.9950310559006,489.3356366459628,489.72049689441,485.73021739130434,BOA VIAGEM,0.7784644194756555,0
2302503,CE,1899,497.72654028436017,502.6352817272249,492.9676145339652,504.74655081621904,507.8883622959452,501.1928699315429,BREJO SANTO,1.0965443186255368,1
2302602,CE,1861,496.3142933906502,505.5126276195594,497.8051585169264,506.1969908651263,509.2745835572273,503.020730789898,CAMOCIM,0.9639515099957464,1
2302701,CE,986,482.3551724137931,496.3227180527384,485.22647058823526,492.9978701825558,508.2758620689655,493.0356186612576,CAMPOS SALES,0.7740291262135922,1
2302800,CE,2441,487.4923801720606,501.3591970503892,495.4656698074559,499.6303564113068,517.206063088898,500.2307333060221,CANINDÉ,0.8613170903954802,1
2303006,CE,812,483.9918719211823,490.1252463054187,484.2683497536946,494.5100985221675,517.6108374384237,494.10128078817735,CARIDADE,0.7782208588957055,1
2303105,CE,921,487.5677524429968,494.37296416938113,486.8935939196526,504.3461454940282,499.6742671009772,494.5709446254072,CARIRÉ,0.7976653696498055,1
2303204,CE,779,492.5120667522465,494.14646983311934,483.9186136071887,495.1326059050064,506.5211810012837,494.4461874197689,CARIRIAÇU,0.7185124864277959,1
2303501,CE,2067,493.9605708756652,499.8580067731011,492.4987421383648,499.3567005321722,505.0701499758104,498.1488340590228,CASCAVEL,0.9565820777160984,1
2303709,CE,8463,499.01902398676594,512.8365236913623,505.96734018669497,508.7350821221789,521.8291386033321,509.67742171806685,CAUCAIA,1.1973246135552913,1
2303808,CE,917,479.0929116684842,476.5226826608506,474.85517993456926,478.34263904034896,438.9312977099237,469.5489422028353,CEDRO,0.8246471226927253,0
2303907,CE,402,479.01194029850745,488.1671641791045,482.8495024875622,484.31393034825874,478.70646766169153,482.60980099502495,CHAVAL,0.8832007952286283,0
2304004,CE,905,486.2119337016575,490.2875138121547,481.2380110497238,500.72541436464087,482.0773480662983,488.108044198895,COREAÚ,0.7356244384546271,0
2304103,CE,2553,495.21817469643554,501.35644339992166,491.39392871132,498.9314140227184,516.4355660007834,500.6671053662358,CRATEÚS,0.9649641856119588,1
2304202,CE,4094,513.4187347337567,519.6156326331217,506.6395945285784,514.8000244259892,550.0879335613092,520.912383976551,CRATO,1.2868361679972231,1
2304251,CE,395,492.04962025316456,508.6875949367089,503.199746835443,542.6908860759494,518.7848101265823,513.0825316455696,CRUZ,0.8925925925925926,1
2304285,CE,1471,506.1885791978247,517.5089055064582,509.3671651937457,516.7209381373216,526.8660774983005,515.3303331067301,EUSÉBIO,1.292959703566466,1
2304301,CE,502,492.0868525896415,491.9145418326693,484.7641434262948,498.27729083665344,466.45418326693226,486.6994023904383,FARIAS BRITO,0.8648753894080997,0
2304350,CE,822,485.5215328467153,495.8361313868613,487.3335766423358,504.2448905109489,463.4793187347932,487.2830900243309,FORQUILHA,0.9065884476534296,0
2304400,CE,82745,519.9529518399903,534.9832122786875,523.5339597558765,537.8356770801861,564.7553326484984,536.2122267206478,FORTALEZA,1.5414500160262117,2
2304707,CE,1131,485.83519009725904,491.3624226348364,482.6228116710876,493.9950486295314,484.19098143236073,487.6012908930151,GRANJA,0.811706629055007,0
2305001,CE,1421,494.51935256861367,499.2795214637579,484.75932441942297,504.8160450387051,527.2906403940887,502.1329767769176,GUARACIABA DO NORTE,0.9896750169262016,1
2305209,CE,553,490.0916817359856,495.37540687160936,487.1980108499096,510.5795660036167,551.8987341772151,507.0286799276672,HIDROLÂNDIA,0.7820267686424475,1
2305233,CE,2008,499.8628984063745,511.5942729083666,504.2963645418327,508.9734561752988,514.8406374501992,507.9135258964144,HORIZONTE,1.0202833226014163,1
2305308,CE,651,499.7360983102919,506.4236559139785,498.6663594470046,508.0233486943165,526.6359447004609,507.89708141321046,IBIAPINA,0.9226768377253814,1
2305357,CE,574,495.0796167247387,501.1839721254355,492.7074912891986,501.85540069686414,504.45993031358887,499.0572822299652,ICAPUÍ,0.930379746835443,1
2305407,CE,1919,485.15143303804064,490.6736321000521,481.8861907243356,486.6660239708181,476.2272016675352,484.1208963001564,ICÓ,0.903524627202892,0
2305506,CE,2868,505.6539748953976,509.2739888423989,500.3408647140865,509.8098675034867,531.0111576011158,511.21797071129714,IGUATU,1.0202630879617327,1
2305605,CE,1037,482.61774349083896,484.9598842815815,473.4735776277724,485.5548698167792,455.2169720347155,476.3646094503375,INDEPENDÊNCIA,0.72761569416499,0
2305803,CE,1326,491.84177978883855,497.3064102564103,484.60414781297135,503.2509803921569,512.0211161387632,497.8048868778281,IPU,0.8448093220338984,1
2305902,CE,949,479.2940990516333,483.6033719704952,474.85700737618544,481.7793466807165,494.0779768177029,482.7223603793467,IPUEIRAS,0.7530272452068617,0
2306009,CE,488,483.952868852459,487.7647540983607,481.1909836065574,488.0938524590164,488.7295081967213,485.9463934426229,IRACEMA,0.7441956882255389,0
2306108,CE,552,481.1157608695653,489.50742753623183,479.11268115942033,490.1606884057972,461.3043478260869,480.2401811594203,IRAUÇUBA,0.6899460188933874,0
2306256,CE,1125,487.1088888888889,496.5110222222223,495.51813333333337,504.4286222222222,496.9244444444444,496.0982222222222,ITAITINGA,1.0728021978021978,1
2306306,CE,1515,493.9233663366337,505.29947194719466,497.4825742574257,507.2792739273928,527.8415841584158,506.3652541254125,ITAPAJÉ,0.822006940427993,1
2306405,CE,3769,486.25940567789866,491.0362165030512,484.3431148845848,495.4836826744495,502.0535951180685,491.8352029716105,ITAPIPOCA,0.9076488232579604,0
2306504,CE,482,480.8161825726141,489.35145228215765,482.72323651452285,480.3680497925311,482.6970954356847,483.1912033195021,ITAPIÚNA,0.7194940476190477,0
2306553,CE,707,479.9302687411599,493.1923620933522,485.32885431400285,494.147666195191,494.2291371994342,489.365657708628,ITAREMA,0.800103305785124,0
2306603,CE,564,473.65443262411344,485.068439716312,473.75726950354607,484.63510638297873,495.531914893617,482.52943262411344,ITATIRA,0.6849206349206349,0
2306702,CE,355,474.4312676056338,478.61633802816897,464.09661971830985,479.76563380281686,392.7887323943662,457.9397183098592,JAGUARETAMA,0.8375262054507338,0
2306900,CE,1395,486.67440860215055,489.17978494623657,482.3812186379928,492.99720430107527,479.81362007168457,486.209247311828,JAGUARIBE,0.8949044585987261,0
2307007,CE,1299,492.6562740569669,497.5842956120092,484.3688221709007,499.0029253271748,465.8352578906852,487.88951501154736,JAGUARUANA,0.7091503267973857,0
2307106,CE,1323,488.158276643991,491.1066515495087,482.5704459561602,493.0567649281935,484.8979591836735,487.9580196523053,JARDIM,0.7993569131832797,0
2307254,CE,394,497.76548223350255,506.515228426396,499.3441624365482,537.5926395939086,518.4263959390863,511.9287817258884,JIJOCA DE JERICOACOARA,1.370262390670554,1
2307304,CE,9685,508.5705524006195,517.536644295302,507.9124212700052,524.0637583892617,558.0113577697471,523.218946824987,JUAZEIRO DO NORTE,1.30966608720846,2
2307403,CE,900,488.84866666666665,486.2687777777778,477.4641111111112,492.27022222222223,497.3777777777778,488.4459111111111,JUCÁS,0.8072967678746327,0
2307502,CE,935,485.29508021390376,483.9485561497327,473.9699465240642,482.1420320855615,474.9090909090909,480.05294117647065,LAVRAS DA MANGABEIRA,0.8016355140186916,0
2307601,CE,2785,509.2191741472172,515.5294793536805,504.00538599640936,524.690987432675,553.0269299820467,521.2943913824058,LIMOEIRO DO NORTE,1.1101645971700838,1
2307635,CE,330,488.0154545454546,500.6078787878788,486.5642424242425,492.2481818181818,524.7878787878788,498.4447272727273,MADALENA,0.8577586206896551,1
2307650,CE,6833,498.8689594614372,511.295375384165,506.9754573393824,506.4218059417533,524.5719303380653,509.6267056929606,MARACANAÚ,1.2990093351114498,1
2307700,CE,2906,498.3068479008947,508.9113214039917,499.4437715072265,506.30471438403305,521.1493461803166,506.8232002752926,MARANGUAPE,1.1933332428232173,1
2307809,CE,938,480.161407249467,484.7132196162047,472.6525586353944,493.9813432835821,449.04051172707887,476.1098081023454,MARCO,0.7671691792294807,0
2308005,CE,1089,483.61854912764,486.4238751147842,479.1649219467401,478.9755739210285,464.3526170798898,478.5071074380165,MASSAPÊ,0.8363133940182055,0
2308104,CE,1528,485.0869764397906,485.9473167539267,474.41524869109946,484.8501963350785,481.7670157068063,482.4133507853404,MAURITI,0.7995255041518387,0
2308302,CE,1133,494.0954104148279,497.9954104148279,487.7619593998235,490.4787290379524,493.5922330097088,492.784748455428,MILAGRES,0.9207218167072182,1
2308401,CE,735,496.69823129251705,497.1016326530613,481.8393197278912,496.0655782312925,500.8979591836735,494.5205442176872,MISSÃO VELHA,0.9046890927624872,1
2308500,CE,957,485.7516196447231,491.53814002089865,478.9101358411703,499.8656217345873,474.7544409613376,486.1639916405434,MOMBAÇA,0.7463621665319321,0
2308609,CE,459,474.1289760348584,483.4736383442266,473.0799564270153,474.9721132897604,447.1459694989107,470.5601307189543,MONSENHOR TABOSA,0.7135811836115327,0
2308708,CE,1872,492.3306623931624,497.67104700854696,487.309561965812,501.42532051282046,522.9594017094017,500.3391987179487,MORADA NOVA,0.927042376583661,1
2309102,CE,413,484.2179176755448,490.8600484261502,483.48595641646494,482.1283292978208,497.0944309927361,487.55733656174334,MULUNGU,0.7351321585903083,0
2309201,CE,817,485.6498164014688,488.7177478580172,480.629987760098,487.5828641370869,488.2007343941248,486.15623011015913,NOVA OLINDA,0.7246621621621622,0
2309300,CE,1369,487.8026296566837,496.2257852447041,484.86588750913074,494.23747260774286,494.60920379839297,491.54819576333085,NOVA RUSSAS,0.8855680317040951,1
2309409,CE,901,482.3390677025527,487.3027746947836,479.1177580466148,497.7775804661487,521.57602663707,493.622641509434,NOVO ORIENTE,0.6381142098273572,0
2309458,CE,568,475.6742957746479,485.8713028169015,482.9913732394366,482.6572183098592,465.387323943662,478.51630281690143,OCARA,0.7007628294036061,0
2309508,CE,519,481.3537572254335,482.4942196531792,475.12755298651257,471.3104046242775,478.8824662813102,477.8336801541426,ORÓS,0.9056420233463036,0
2309607,CE,2308,489.7184575389948,502.7183275563258,493.54202772963606,502.0892114384748,509.03812824956674,499.4212305025996,PACAJUS,0.9695597876990322,1
2309706,CE,1713,493.38914185639226,505.3870986573263,498.8520723876241,496.8607122008173,519.9649737302977,502.8907997664916,PACATUBA,0.9601006470165347,1
2309805,CE,770,486.7432467532468,497.492987012987,487.581948051948,485.6323376623377,506.0779220779221,492.7056883116883,PACOTI,0.7598870056497176,1
2310209,CE,1464,493.5010928961749,501.3725409836066,496.6741120218579,501.888524590164,488.7704918032787,496.44135245901634,PARACURU,0.9388111888111887,1
2310258,CE,1102,496.3895644283122,501.11406533575314,494.2212341197823,506.5005444646098,527.8765880217786,505.2203992740473,PARAIPABA,0.8607673267326733,1
2310308,CE,528,483.7244318181818,488.7755681818182,476.5806818181818,479.4871212121212,447.9166666666667,475.2968939393939,PARAMBU,0.7927740863787376,0
2310506,CE,983,485.8466937945066,488.9846388606308,476.2689725330621,490.23346897253305,441.9735503560529,476.66146490335706,PEDRA BRANCA,0.7039532794249775,0
2310704,CE,1336,489.672754491018,494.7568862275449,484.424251497006,487.58218562874254,487.1556886227545,488.7183532934132,PENTECOSTE,0.873767258382643,0
2310852,CE,625,488.03792,497.61776,489.50208,497.95392,492.16,493.054336,PINDORETAMA,1.0305997552019583,1
2311108,CE,459,482.0474945533769,481.83376906318085,474.3511982570806,489.1457516339869,481.1764705882353,481.7109368191721,PORTEIRAS,0.9125412541254124,0
2311264,CE,392,478.2803571428572,479.0729591836735,469.9691326530612,473.3079081632653,459.4387755102041,472.0138265306123,QUITERIANÓPOLIS,0.7570028011204482,0
2311306,CE,3312,489.7023248792271,494.75504227053136,488.797041062802,495.86174516908216,488.9130434782609,491.6058393719807,QUIXADÁ,0.9490521327014216,1
2311405,CE,1795,490.6576044568245,502.3,496.3758774373258,502.0451810584958,512.6462395543175,500.8049805013928,QUIXERAMOBIM,1.0672894985808894,1
2311603,CE,1556,479.3698586118252,481.2484575835475,477.0024421593831,473.4735218508998,486.3239074550128,479.4836375321336,REDENÇÃO,0.8240790899241603,0
2311801,CE,2242,498.9029884032114,510.38911685994645,502.8876003568242,519.3615967885816,535.3523639607494,513.3787332738626,RUSSAS,1.088500173190163,1
2312007,CE,878,491.7654897494305,496.2541002277904,486.3865603644648,496.7141230068337,491.3667425968109,492.49740318906606,SANTANA DO ACARAÚ,0.8729641693811075,1
2312106,CE,239,481.8916317991632,475.3012552301256,471.5171548117155,480.5196652719665,417.489539748954,465.3438493723849,SANTANA DO CARIRI,0.6630747126436781,0
2312205,CE,1054,487.2602466793169,493.0360531309298,482.0193548387097,493.6055028462998,492.865275142315,489.7572865275142,SANTA QUITÉRIA,0.813824419778002,0
2312304,CE,1700,499.6022941176471,503.0728235294118,492.7821764705882,505.8728823529412,527.2588235294118,505.7178,SÃO BENEDITO,0.9498827667057445,1
2312403,CE,1810,486.5402209944752,497.1834806629834,491.9608287292817,501.55657458563536,499.0055248618784,495.2493259668509,SÃO GONÇALO DO AMARANTE,0.9539355992844364,1
2312700,CE,630,491.6609523809525,510.934126984127,492.7060317460317,500.81555555555553,513.9047619047619,502.00428571428574,SENADOR POMPEU,0.8097956730769231,1
2312908,CE,7560,506.393373015873,517.7947751322752,505.9610052910053,524.1962301587301,531.9629629629629,517.2616693121693,SOBRAL,1.2311175241317545,1
2313005,CE,537,486.3309124767226,496.8893854748603,482.62029795158287,497.8918063314712,483.4264432029795,489.4317690875232,SOLONÓPOLE,0.8601895734597157,0
2313104,CE,1118,500.31422182468697,506.74123434704825,499.9586762075135,518.5046511627907,553.381037567084,515.7799642218247,TABULEIRO DO NORTE,0.9430188679245284,1
2313203,CE,831,482.8619735258724,482.23959085439225,474.0022864019254,484.9513838748496,485.10228640192537,481.831504211793,TAMBORIL,0.8193146417445483,0
2313302,CE,1432,491.096717877095,501.8638268156425,490.1295391061453,502.1415502793296,505.5586592178771,498.1580586592178,TAUÁ,0.925212539851222,1
2313351,CE,695,472.9142446043166,479.88589928057553,473.11971223021584,480.4874820143885,474.0719424460432,476.095856115108,TEJUÇUOCA,0.5921474358974359,0
2313401,CE,2450,496.4095918367347,504.6773877551021,493.96595918367353,510.16881632653065,519.1428571428571,504.8729224489797,TIANGUÁ,1.0327436958976288,1
2313500,CE,1057,478.31381267738885,490.3295175023652,482.4607379375592,488.511352885525,479.6594134342479,483.8549668874172,TRAIRI,0.744945567651633,0
2313609,CE,1054,499.030265654649,502.591935483871,496.97732447817833,503.034155597723,532.618595825427,506.85045540796966,UBAJARA,0.8959931798806479,1
2313807,CE,998,479.6231462925852,488.2380761523046,484.01783567134265,479.7299599198397,463.3066132264529,478.983126252505,URUBURETAMA,0.9309417040358744,0
2313906,CE,317,483.7611987381703,499.9485804416404,485.77728706624606,497.265930599369,496.0883280757098,492.5682649842272,URUOCA,0.7693798449612403,1
2313955,CE,939,493.3823216187433,497.57433439829606,486.2954206602769,499.2421725239617,516.0809371671992,498.5150372736954,VARJOTA,0.7635135135135135,1
2314003,CE,1451,485.6700206753962,488.073466574776,479.80213645761546,492.7394210889042,480.7443142660234,485.4058718125431,VÁRZEA ALEGRE,0.8310940499040307,0
2314102,CE,1704,487.0479460093897,496.0358568075117,485.855927230047,494.05399061032864,506.4201877934272,493.88278169014086,VIÇOSA DO CEARÁ,0.6953293736501079,1
2400109,RN,618,499.3333333333333,509.85080906148863,498.4705501618123,497.6210355987055,545.9223300970874,510.2396116504854,ACARI,1.3196829590488772,1
2400208,RN,2822,490.4670800850461,491.9662296243799,485.70910701630055,486.5766477675408,499.65272856130406,490.8743586109143,AÇU,1.0450682641404292,0
2400505,RN,718,498.0857938718663,500.4729805013927,487.7016713091922,491.4225626740948,521.6155988857938,499.8597214484679,ALEXANDRIA,0.8739270386266095,1
2400703,RN,707,492.1376237623762,484.25176803394623,485.2154172560113,477.0925035360679,486.67609618104666,485.0746817538897,ALTO DO RODRIGUES,1.100411946446962,0
2400802,RN,1312,482.7692835365854,483.1586890243902,476.3554115853659,476.6076219512194,468.4146341463415,477.4611280487805,ANGICOS,0.956498388829216,0
2401008,RN,1936,497.6793904958678,497.61229338842975,487.3126549586777,500.6738119834711,513.7809917355372,499.4118285123967,APODI,0.9640759592795616,1
2401107,RN,1075,486.7664186046512,488.0598139534884,489.3487441860465,483.8031627906977,473.693023255814,484.3342325581395,AREIA BRANCA,1.220918704560476,0
2401453,RN,781,488.118309859155,494.1624839948784,492.0280409731114,487.6911651728553,489.73111395646606,490.34622279129326,BARAÚNA,1.0621134020618557,0
2402006,RN,4271,511.7230156871927,518.2466401311168,504.10191992507606,512.8402481854367,527.2816670568953,514.8386981971436,CAICÓ,1.4163511808184603,1
2402204,RN,1581,487.95376344086026,490.0616065781151,483.3727387729285,478.5538266919671,471.20809614168246,482.23000632511065,CANGUARETAMA,1.066777566539924,0
2402303,RN,1485,485.8792592592592,483.0886195286195,478.5987205387205,477.5822222222222,480.3771043771044,481.1051851851852,CARAÚBAS,0.896511017838405,0
2402600,RN,2372,493.1218381112985,496.66193086003375,492.048018549747,490.7823355817875,492.8752107925801,493.0978667790893,CEARÁ-MIRIM,1.1425775587126703,1
2403103,RN,3001,501.0989670109963,508.4191602799067,500.0346884371877,496.5738420526491,517.6941019660113,504.7641519493503,CURRAIS NOVOS,1.1693835965359145,1
2403251,RN,5690,510.2117750439367,521.0808084358523,512.873567662566,514.8810369068541,518.4253075571178,515.4944991212653,PARNAMIRIM,1.6067061988018094,1
2403608,RN,1030,495.5982524271845,498.69077669902913,496.4545631067961,488.3855339805825,487.7281553398058,493.3714563106796,EXTREMOZ,1.1998381877022657,1
2404200,RN,1499,489.566310873916,492.5070713809206,490.4513008672448,486.42288192128086,490.0733822548365,489.80418945963976,GOIANINHA,1.1600973236009733,0
2404705,RN,420,479.4361904761905,480.6088095238096,479.7445238095239,476.8857142857143,492.04761904761904,481.7445714285715,IPANGUAÇU,0.992820945945946,0
2405603,RN,393,489.6386768447837,504.12061068702286,491.6687022900763,507.6396946564885,531.704834605598,504.9545038167938,JARDIM DE PIRANHAS,1.0100806451612905,1
2405801,RN,2157,485.7652294853964,490.1419100602689,481.367779323134,481.48182661103385,485.7394529439036,484.8992396847473,JOÃO CÂMARA,1.0808378196500672,0
2406106,RN,656,483.3984756097561,487.5291158536585,479.4771341463415,482.2682926829268,499.1463414634146,486.3638719512195,JUCURUTU,0.9503012048192772,0
2407005,RN,430,478.1216279069767,486.7186046511628,481.9111627906976,477.3813953488372,477.0697674418605,480.2405116279069,LUÍS GOMES,0.8980206540447504,0
2407104,RN,2249,500.3839039573143,503.2825700311249,497.4041796353935,495.035126722988,498.0346820809249,498.8280924855491,MACAÍBA,1.2012987012987013,1
2407203,RN,819,500.4056166056166,501.8339438339438,498.9047619047619,499.4200244200245,508.7912087912088,501.8711111111111,MACAU,1.3322916666666669,1
2408003,RN,12600,506.1506349206349,512.8299047619048,507.6505317460318,513.5132936507937,519.8730158730159,512.0034761904762,MOSSORÓ,1.5141928276810266,1
2408102,RN,37183,525.4532205577818,535.086359357771,524.69002501143,535.0528978296533,548.7782050937257,533.8121415700723,NATAL,1.7975021480299496,2
2408201,RN,393,491.6536895674301,488.6536895674301,488.4384223918575,484.55368956743,483.5623409669211,487.3723664122137,NÍSIA FLORESTA,1.1096638655462183,0
2408300,RN,1939,487.9947911294482,493.7850954100052,489.3611655492522,491.83027333677154,507.69468798349664,494.1332026817948,NOVA CRUZ,1.0769450800915332,1
2408904,RN,1603,500.9203992514037,511.233437305053,498.2771678103556,510.4129756706176,530.1060511540861,510.1900062383032,PARELHAS,1.1781094527363185,1
2409308,RN,1638,487.4839438339438,483.87130647130647,477.65512820512816,486.1602564102564,497.0940170940171,486.4529304029304,PATU,0.9282190429205722,0
2409407,RN,3194,496.7583907326237,501.9415779586725,493.2277082028804,497.1666249217282,534.0638697557921,504.6316343143394,PAU DOS FERROS,1.084069168506255,1
2410207,RN,466,483.84549356223175,484.9030042918455,481.0598712446352,477.2830472103004,502.6609442060086,485.9504721030042,PORTALEGRE,0.9142976588628764,0
2411056,RN,485,485.5086597938145,489.74927835051545,485.2364948453608,478.62412371134025,495.8762886597938,486.998969072165,TIBAU,1.0641221374045802,0
2411205,RN,2612,496.4535222052068,499.0058958652373,492.796056661562,493.9450229709035,493.1699846860643,495.0740964777948,SANTA CRUZ,1.055595512082854,1
2411502,RN,1833,484.99574468085103,487.4032187670485,483.84991816693946,486.5493180578287,488.0305510092744,486.1657501363885,SANTO ANTÔNIO,0.9571692686935086,0
2412005,RN,2343,499.4371745625267,505.3142552283397,502.986171574904,498.98433632095606,498.43790012804095,501.0319675629535,SÃO GONÇALO DO AMARANTE,1.2985911443358251,1
2412203,RN,1234,492.8179092382496,493.2114262560778,489.56952998379256,488.85656401944897,480.32414910859,488.95591572123175,SÃO JOSÉ DE MIPIBU,1.0929341657207718,0
2412500,RN,1543,494.60764744005184,493.2331821127674,482.9558651976669,496.2304601425794,518.4186649384317,497.08916396629945,SÃO MIGUEL,0.9069767441860463,1
2414407,RN,788,485.1799492385787,481.2969543147208,477.8455583756345,480.5430203045686,476.75126903553297,480.3233502538071,TOUROS,1.0389524647887325,0
2414506,RN,939,485.2161874334398,487.2866879659212,483.0718849840256,482.7036208732695,493.013844515442,486.2584451544196,UMARIZAL,0.9675850891410048,0
2414803,RN,795,488.9134591194969,492.908427672956,484.47522012578617,484.3558490566038,481.5345911949685,486.4375094339623,VERA CRUZ,1.0609099804305284,0
2500304,PB,1069,487.87923292797007,493.4063610851263,488.510757717493,484.08035547240416,497.3246024321796,490.24026192703457,ALAGOA GRANDE,0.9473981900452488,0
2500403,PB,963,496.4954309449636,501.4808930425753,490.1564901349949,484.25171339563866,515.5555555555555,497.5880166147456,ALAGOA NOVA,0.9078947368421052,1
2500502,PB,567,477.21657848324514,481.6329805996473,471.8271604938272,467.8606701940036,472.2045855379189,474.1483950617284,ALAGOINHA,0.8727272727272727,0
2500601,PB,621,480.4991948470209,481.7056360708535,476.6787439613527,474.41610305958136,470.7246376811594,476.8048631239936,ALHANDRA,0.9952460850111856,0
2500700,PB,1062,487.4892655367232,489.34783427495296,482.7400188323917,489.1745762711865,491.0169491525424,487.95372881355934,SÃO JOÃO DO RIO DO PEIXE,0.8809523809523809,0
2501005,PB,842,488.0450118764846,494.99216152019005,485.3492874109264,489.6476247030879,497.29216152019,491.0652494061757,ARARUNA,0.9234234234234234,0
2501104,PB,862,495.2349187935035,501.7154292343388,493.69257540603246,485.0532482598608,507.169373549884,496.573109048724,AREIA,1.0177884615384616,1
2501302,PB,661,488.0611195158851,492.32995461422087,480.53449319213314,480.54538577912257,494.0695915279879,487.10810892586994,AROEIRAS,0.7651699029126213,0
2501500,PB,1636,489.6251833740832,493.10103911980445,487.2549511002445,487.69125916870416,502.92176039119806,492.11883863080686,BANANEIRAS,0.9442800788954636,1
2501807,PB,3340,490.6758982035928,496.48,493.2823053892215,489.1694910179641,492.1017964071857,492.3418982035928,BAYEUX,1.2109584450402144,1
2502508,PB,973,494.0817060637205,503.3912641315519,490.93412127440905,492.4176772867421,496.0739979445015,495.379753340185,BOQUEIRÃO,0.8268921095008052,1
2503001,PB,677,482.2127031019202,481.91152141802064,476.806646971935,479.614623338257,483.397341211226,480.7885672082718,CAAPORÃ,1.071320564516129,0
2503209,PB,2036,495.548231827112,502.749115913556,500.4236247544204,500.419695481336,507.328094302554,501.2937524557957,CABEDELO,1.3406293952180028,1
2503506,PB,466,481.79828326180257,488.5991416309013,488.574034334764,478.7227467811159,503.9914163090129,488.3371244635193,CACIMBA DE DENTRO,0.8696996466431095,0
2503704,PB,4270,501.8100234192037,507.7672365339579,496.6209836065574,505.3035128805621,526.3372365339578,507.5677985948478,CAJAZEIRAS,1.1753275893017412,1
2504009,PB,22087,511.98424412550366,522.9899262009327,513.7116629691674,520.3152487888804,549.5956897722642,523.7193543713496,CAMPINA GRANDE,1.4491965729621856,2
2504306,PB,1858,492.9031216361679,494.169052744887,484.1448869752422,489.5611410118407,520.7642626480086,496.3084930032293,CATOLÉ DO ROCHA,1.0331497797356828,1
2504405,PB,784,488.2549744897959,489.61441326530615,478.6920918367347,489.1,489.8469387755102,487.10168367346944,CONCEIÇÃO,0.8542490118577075,0
2505105,PB,2209,500.5100950656406,498.82313263920327,489.3387958352195,495.8085106382979,511.9782707107289,499.291760977818,CUITÉ,0.9165160823997108,1
2505600,PB,369,477.3433604336044,478.09105691056914,473.4823848238482,466.03929539295393,468.8888888888889,472.7689972899728,DIAMANTE,0.943158953722334,0
2506004,PB,2612,497.8629785604901,504.7363705972435,497.75616385911184,499.6295176110261,522.9096477794793,504.57893568147017,ESPERANÇA,0.987760652765186,1
2506301,PB,4371,491.3053305879662,502.09702585220776,492.3833447723633,492.5336993822924,504.8272706474491,496.6293342484558,GUARABIRA,1.1628406804463145,1
2506806,PB,988,488.6272267206478,492.73340080971656,484.1408906882591,479.6832995951417,502.246963562753,489.4863562753037,INGÁ,1.0158959537572254,0
2506905,PB,1589,491.1497168030208,497.068344870988,487.2151038388924,485.4907488986784,510.5223410950283,494.2892511013216,ITABAIANA,1.0417857142857143,1
2507002,PB,1442,486.0233703190013,488.41380027739245,479.4349514563106,493.4940360610264,500.3467406380028,489.5425797503467,ITAPORANGA,0.9808367466354592,0
2507101,PB,534,479.4874531835206,488.1919475655431,479.22265917602994,482.9445692883895,472.7715355805244,480.5236329588015,ITAPOROROCA,0.9149686520376176,0
2507309,PB,768,486.3942708333333,492.5372395833333,486.1731770833333,480.51197916666666,493.984375,487.9202083333333,JACARAÚ,0.9173640167364016,0
2507507,PB,35195,513.9455774968036,524.668282426481,517.0804233555903,526.4434777667282,540.5051853956528,524.5285892882512,JOÃO PESSOA,1.7052631578947368,2
2507705,PB,1069,489.4303086997194,498.71047708138445,487.7485500467727,480.56697848456497,502.71281571562207,491.8338260056127,JUAZEIRINHO,0.8678057553956835,1
2508901,PB,1700,482.9992352941176,485.1934705882353,483.4293529411765,477.5438235294118,476.1882352941177,481.07082352941177,MAMANGUAPE,0.9828735632183908,0
2509107,PB,688,489.0363372093023,498.9162790697675,487.9459302325581,489.5193313953488,493.1686046511628,491.717296511628,MARI,0.8634850166481687,1
2509701,PB,1582,489.7061314791403,497.4046776232617,489.7357142857143,489.66201011378007,501.6561314791404,493.6329329962074,MONTEIRO,0.9085306911551474,1
2510808,PB,6324,500.74490828589495,509.3277197975965,499.592156862745,509.6889152435168,525.4079696394687,508.9523339658445,PATOS,1.2281425776473465,1
2511301,PB,927,483.7288025889968,483.85803667745415,475.2001078748652,482.4963322545847,493.85113268608416,483.826882416397,PIANCÓ,0.8833333333333333,0
2511400,PB,1314,496.0034246575343,500.65776255707766,488.56704718417046,500.1694824961948,494.5662100456621,495.9927853881279,PICUÍ,0.8969454329774614,1
2512101,PB,2211,498.3798733604704,503.2827227498869,491.5497964721846,503.6922659430123,545.2826775214835,508.43746720940754,POMBAL,0.9736434108527132,1
2512309,PB,995,490.9943718592965,505.6052261306533,494.2580904522613,506.59366834170856,522.1306532663317,503.9164020100502,PRINCESA ISABEL,0.9738114423851733,1
2512507,PB,2051,491.8491955143832,501.0111652852268,489.4099463676256,492.0921989273525,517.5816674792784,498.3888347147733,QUEIMADAS,0.9782070803197565,1
2512705,PB,837,491.72807646356034,502.7035842293907,496.6298685782557,487.9032258064516,508.9127837514934,497.5755077658304,REMÍGIO,0.8429307116104869,1
2512903,PB,1251,477.0819344524381,479.9555555555556,472.7366107114309,468.7109512390088,435.4916067146283,466.7953317346123,RIO TINTO,0.8393684820393974,0
2513406,PB,1103,492.7493200362648,495.1926563916591,492.0664551223935,496.9922937443336,481.3417951042611,491.6685040797825,SANTA LUZIA,1.0536611629576451,1
2513703,PB,3820,488.155942408377,494.7829057591623,491.8521465968586,485.3147382198953,488.3298429319372,489.6871151832461,SANTA RITA,1.2215207898234288,0
2513901,PB,1237,490.20994341147934,494.1012934518998,487.68181083265966,497.541471301536,505.0929668552951,494.9254971705739,SÃO BENTO,0.9873547505126452,1
2515302,PB,1890,486.5261375661376,491.4377248677249,485.7608465608466,478.55174603174606,487.8306878306879,486.0214285714286,SAPÉ,0.976129666011788,0
2515401,PB,364,482.2516483516484,490.95714285714286,481.3565934065934,483.2909340659341,482.1428571428572,483.9998351648352,SÃO VICENTE DO SERIDÓ,0.8421658986175116,0
2516003,PB,1279,492.1931978107897,497.98967943706026,488.85793588741205,483.1820953870212,511.024237685692,494.6494292415949,SOLÂNEA,1.079037267080745,1
2516102,PB,957,492.6622779519331,500.99801462904907,489.05224660397073,490.4105538140021,503.0512016718913,495.23485893416927,SOLEDADE,0.9234567901234568,1
2516201,PB,4261,497.1686927951185,505.4709457873739,492.2178361886881,499.11645153719786,523.6235625440038,503.5194977704765,SOUSA,1.0618471953578337,1
2516300,PB,1722,489.8319396051104,495.31591173054585,486.6883275261324,483.3365272938444,501.068524970964,491.2482462253194,SUMÉ,0.8785714285714286,1
2516607,PB,482,490.2692946058091,495.051867219917,483.96099585062245,502.17946058091286,509.2946058091287,496.151244813278,TAVARES,0.9464285714285714,1
2516904,PB,795,487.8193710691824,487.9569811320754,480.7474213836478,482.37811320754713,498.2138364779874,487.4231446540881,UIRAÚNA,1.0348133198789102,0
2600054,PE,3299,491.7951500454683,496.7452258260079,496.5262200666869,488.6494695362232,483.8739011821765,491.5179933313125,ABREU E LIMA,1.1859165424739195,1
2600104,PE,1031,497.2159068865179,500.9095053346266,496.6350145489816,511.3051406401552,509.2337536372454,503.0598642095054,AFOGADOS DA INGAZEIRA,1.086402266288952,1
2600203,PE,1023,483.458651026393,487.4561094819159,478.0992179863148,487.789247311828,481.8768328445748,483.7360117302052,AFRÂNIO,0.8202054794520548,0
2600302,PE,901,482.5669256381798,496.4643729189789,487.6713651498336,481.5679245283019,491.65371809101,487.98486126526086,AGRESTINA,0.866386925795053,0
2600401,PE,403,479.4491315136476,473.56724565756826,478.9632754342432,464.22729528535984,460.7444168734492,471.3902729528536,ÁGUA PRETA,0.8138786764705882,0
2600500,PE,1012,484.64397233201584,486.9135375494071,484.6052371541502,483.724604743083,484.6640316205534,484.9102766798419,ÁGUAS BELAS,0.8260553129548762,0
2600708,PE,721,486.8879334257976,487.6957004160888,487.08183079056863,480.7249653259362,485.40915395284327,485.5599167822468,ALIANÇA,0.9518768046198268,0
2601102,PE,2402,492.6278101582015,498.9489592006661,490.6525395503746,502.9624479600333,517.1606994171524,500.4704912572856,ARARIPINA,1.045485991006572,1
2601201,PE,3197,496.62937128558025,506.4539568345324,501.2322177040976,506.9791679699718,508.7394432280263,504.0068314044416,ARCOVERDE,1.1588886216021168,1
2601409,PE,1876,487.1160447761194,483.9764925373135,481.45751599147127,482.99013859275055,478.997867803838,482.90761194029847,BARREIROS,1.0090640809443507,0
2601607,PE,1068,474.6894194756554,480.213202247191,474.55,474.7694756554307,480.9737827715356,477.0391760299626,BELÉM DO SÃO FRANCISCO,0.8374053682037165,0
2601706,PE,2061,499.8356622998545,509.626006792819,501.94803493449785,510.354051431344,520.3396409509946,508.420679281902,BELO JARDIM,1.1933122279382666,1
2601904,PE,2360,497.38788135593217,509.0668220338983,506.7913559322034,507.8185169491525,520.7881355932203,508.3705423728814,BEZERROS,1.009037162162162,1
2602100,PE,1378,484.3798984034833,493.6401306240929,487.76487663280113,489.5128447024673,492.7721335268505,489.613976777939,BOM CONSELHO,0.905799192152337,0
2602209,PE,990,499.029898989899,504.24555555555554,498.3074747474748,508.68060606060607,538.020202020202,509.6567474747475,BOM JARDIM,0.8660220994475138,1
2602308,PE,1645,478.5926443768997,486.475623100304,486.1421276595745,486.2696048632219,487.90273556231006,485.0765471124621,BONITO,0.8450869769628585,0
2602605,PE,943,479.9452810180276,487.4019088016967,484.48016967126193,486.41940615058326,491.8769883351008,486.02475079533394,BREJO DA MADRE DE DEUS,0.8303324099722992,0
2602902,PE,5454,492.6039970663733,498.1949394939495,497.5679501283462,494.4403006967363,481.33846718005134,492.82913091309126,CABO DE SANTO AGOSTINHO,1.2697978899199187,1
2603009,PE,1613,472.73006819590825,473.623868567886,466.1482951022938,472.2988220706758,451.7048977061376,467.3011903285803,CABROBÓ,0.8228960396039604,0
2603207,PE,1061,481.88133836003766,489.3514608859567,481.99114043355326,491.4796418473138,469.688972667295,482.8785108388312,CAETÉS,0.7467105263157895,0
2603454,PE,6573,499.5044880572037,507.016065723414,504.54726913129474,502.17600791115166,504.7253917541457,503.593844515442,CAMARAGIBE,1.3104903322294628,1
2603900,PE,832,489.7405048076923,491.83978365384615,491.5950721153846,513.8426682692308,509.1105769230769,499.2257211538461,CARNAÍBA,0.9205082742316784,1
2604007,PE,3820,495.2733769633508,500.57303664921466,493.0615183246073,499.700942408377,492.565445026178,496.2348638743456,CARPINA,1.202217203859577,1
2604106,PE,11317,507.4768048069277,520.9260316338252,513.3319872757797,520.6942210833259,537.8527878413007,520.0563665282318,CARUARU,1.3996445815450644,1
2604205,PE,1277,481.2671887235708,486.8119812059514,485.09068128426,477.2493343774472,479.2795614722005,481.939749412686,CATENDE,0.9718582489577128,0
2605004,PE,837,494.0180406212664,502.1008363201912,490.84898446833927,495.6173237753883,513.2855436081243,499.1741457586619,CUPIRA,0.916748046875,1
2605103,PE,789,492.2794676806084,489.3788339670469,483.3321926489226,493.2607097591888,472.3954372623574,486.12932826362487,CUSTÓDIA,1.0434010152284263,0
2605202,PE,1808,485.13932522123895,488.5220132743363,486.9082411504425,482.8362831858407,494.6017699115045,487.6015265486726,ESCADA,0.9972677595628416,0
2605301,PE,1302,486.6533794162826,484.32549923195086,477.9890168970814,485.7794162826421,486.5437788018433,484.25821812596007,EXU,0.8994813910921293,0
2605459,PE,38,480.4763157894736,498.6315789473685,488.5210526315789,477.3236842105263,430.0,474.9905263157895,FERNANDO DE NORONHA,2.036458333333333,0
2605707,PE,1344,482.43958333333336,487.1919642857143,485.7709077380952,485.7157738095238,497.6636904761905,487.7563839285714,FLORESTA,0.9691129883843717,0
2606002,PE,7368,499.1351927252986,506.8143593919653,502.03103963083606,502.0430510314876,504.514115092291,502.9075515743757,GARANHUNS,1.1311795530947202,1
2606101,PE,1014,490.060157790927,488.97879684418143,482.5742603550296,480.1351084812623,525.1479289940828,493.3792504930966,GLÓRIA DO GOITÁ,0.889866979655712,1
2606200,PE,2183,491.6470911589556,499.2102153000458,495.7817224003665,494.4752633989922,500.25652771415486,496.2741639945031,GOIANA,1.270568070519099,1
2606408,PE,2959,499.2350118283204,505.6824602906387,502.3208854342684,501.1679621493748,507.91483609327474,503.2642311591753,GRAVATÁ,1.0886729222520106,1
2606606,PE,500,480.4198,481.9794,477.2326,488.0786,479.72,481.48608,IBIMIRIM,1.0040916530278232,0
2606804,PE,3449,494.7692954479559,499.00075384169327,496.44021455494345,497.5877645694404,493.8706871556973,496.33374311394607,IGARASSU,1.2158686189157104,1
2607208,PE,1694,491.7822904368359,492.3652302243211,490.07438016528926,491.049173553719,484.85242030696577,490.0246989374262,IPOJUCA,1.2080008399832003,0
2607653,PE,1753,488.6500855675984,495.9962920707359,489.359155733029,491.4688533941814,505.156873930405,494.12625213919,ITAMBÉ,0.9833479404031552,1
2607901,PE,12215,498.4050102333197,507.29464592713873,505.8844044207941,505.2664101514532,499.8706508391322,503.3442243143676,JABOATÃO DOS GUARARAPES,1.351313535122787,1
2608503,PE,898,488.9781737193764,487.2444320712695,482.0075723830735,483.60913140311806,481.5812917594655,484.6841202672605,LAGOA DE ITAENGA,0.865938864628821,0
2608750,PE,751,480.1745672436751,480.9275632490013,477.34354194407456,478.31571238348863,458.29560585885486,475.01139813581887,LAGOA GRANDE,0.9086493987049028,0
2608800,PE,1959,490.98693210821847,500.0408371618173,491.9339458907606,498.3542623787647,509.9846860643185,498.2601327207759,LAJEDO,0.8758964143426294,1
2608909,PE,2950,504.7953559322034,509.9342372881356,499.9658644067797,516.844406779661,537.1322033898305,513.734413559322,LIMOEIRO,1.0651991026360068,1
2609006,PE,881,499.0473325766175,499.93371169125993,493.4636776390465,492.5670828603859,523.9046538024971,501.7832917139614,MACAPARANA,0.9670403587443946,1
2609303,PE,725,483.988275862069,483.4153103448276,472.7659310344827,475.512275862069,459.9724137931034,475.1308413793104,MIRANDIBA,0.8863146551724138,0
2609402,PE,2527,492.00328452710727,499.0372774040364,496.5957657301148,493.9377127028097,495.1088246933122,495.3365730114761,MORENO,1.1790906499429874,1
2609501,PE,1581,493.1862745098039,497.6690702087287,489.43636938646426,485.6604048070841,513.6495888678052,495.9203415559772,NAZARÉ DA MATA,1.126982220086497,1
2609600,PE,10626,508.6285714285714,518.9600319969885,514.3406361754187,518.5465650291737,525.1044607566347,517.1160530773574,OLINDA,1.553235253102775,1
2609709,PE,1012,488.7243083003953,494.53685770750985,487.7105731225296,490.87855731225295,524.4268774703557,497.2554347826087,OROBÓ,0.8337359098228664,1
2609907,PE,2046,488.87873900293255,491.4152981427175,484.1983382209189,490.1775171065493,489.4134897360704,488.8166764418377,OURICURI,0.8754877616175949,0
2610004,PE,2400,484.68795833333337,488.8595416666666,487.0362083333333,485.9079583333334,492.4333333333333,487.785,PALMARES,1.00650443832262,0
2610202,PE,1173,484.2455242966752,489.3632566069906,481.9772378516624,480.0271099744246,514.1687979539641,489.9563853367434,PANELAS,0.8029197080291971,0
2610400,PE,422,481.80236966824646,488.66682464454976,485.2504739336493,490.2469194312797,490.1895734597156,487.2312322274882,PARNAMIRIM,0.8781070745697896,0
2610509,PE,1412,484.5412889518414,487.7341359773371,483.5779036827195,490.1383852691218,490.63739376770536,487.325821529745,PASSIRA,0.825,0
2610608,PE,1477,487.3563981042654,486.84752877454304,482.896750169262,484.4670277589709,465.8632362897766,481.4861882193636,PAUDALHO,0.9952439024390244,0
2610707,PE,8910,500.5163075196408,509.3490011223344,508.14402918069584,507.7053984287317,504.7699214365881,506.09693153759815,PAULISTA,1.366568688118812,1
2610905,PE,2827,492.7095153873364,496.5779978776088,493.6465511142554,495.3828793774319,505.8860983374602,496.8406084188185,PESQUEIRA,1.0043195108984582,1
2611002,PE,1528,486.2251963350785,490.0860602094241,488.4348167539267,488.2306937172775,495.9293193717277,489.7812172774869,PETROLÂNDIA,1.058078393881453,0
2611101,PE,14040,508.11439458689455,518.2448860398861,509.2642022792023,520.6210185185184,536.1937321937322,518.4876467236467,PETROLINA,1.5019367505040857,1
2611606,PE,58853,515.9342276519463,528.0903981105466,521.4556148369667,533.9895774217117,541.309703838377,528.1559043719096,RECIFE,1.6255250794980174,2
2611804,PE,1561,480.1978859705317,483.0155028827674,483.1218449711723,480.3067264573991,480.1665598975016,481.3617040358744,RIBEIRÃO,0.960532572515454,0
2611903,PE,851,477.81045828437135,480.58472385428905,478.5262044653349,474.9113983548766,485.8049353701528,479.527544065805,RIO FORMOSO,0.9952789699570816,0
2612208,PE,2805,490.5347593582888,495.8621033868093,491.4317290552585,505.2184670231729,507.144385026738,498.0382887700536,SALGUEIRO,1.10039592760181,1
2612505,PE,3293,499.4530822957789,515.3517157607046,506.2736714242332,514.4042210750076,538.1050713634984,514.7175523838445,SANTA CRUZ DO CAPIBARIBE,1.246778350515464,1
2612604,PE,1093,476.8418115279048,478.7295516925892,474.8442817932296,474.5783165599268,455.9194876486734,472.1826898444648,SANTA MARIA DA BOA VISTA,0.9214641080312722,0
2613008,PE,808,490.6022277227722,499.4809405940594,492.1818069306931,498.6154702970297,499.1831683168317,496.0127227722772,SÃO BENTO DO UNA,0.985055508112724,1
2613107,PE,998,496.0438877755511,511.373246492986,499.2496993987976,498.8574148296593,514.7695390781563,504.0587575150301,SÃO CAITANO,0.9113272311212814,1
2613503,PE,872,485.07901376146793,495.1615825688074,489.4498853211009,501.9108944954128,514.2201834862385,497.1643119266055,SÃO JOSÉ DO BELMONTE,1.089627151051625,1
2613602,PE,1801,492.50632981676847,503.79078289838975,499.3792337590228,509.9164353137146,512.9150471960022,503.7015657967795,SÃO JOSÉ DO EGITO,0.9087992667277728,1
2613701,PE,3422,497.4663354763296,503.03179427235534,501.0175043834015,495.2353886616014,496.2594973699591,498.6021040327294,SÃO LOURENÇO DA MATA,1.1925717213114757,1
2613909,PE,3029,498.3530207989436,503.02561901617696,497.1352591614394,510.7589633542423,521.9742489270386,506.2494222515682,SERRA TALHADA,1.202333664349553,1
2614105,PE,833,495.2983193277311,497.13349339735896,492.7337334933974,496.2026410564226,488.0192076830732,493.8774789915967,SERTÂNIA,0.9691358024691358,1
2614501,PE,3131,497.1596933886937,508.0193867773874,500.6213669754072,512.4194825934206,533.0756946662408,510.25912488022993,SURUBIM,1.1358520900321545,1
2614600,PE,1237,488.4700889248181,496.7902991107518,489.3615198059822,506.3095392077608,512.5464834276476,498.69558609539206,TABIRA,0.9791071428571428,1
2615300,PE,2210,498.0055203619909,501.9897737556561,492.1066515837104,501.1951583710408,516.2714932126697,501.9137194570136,TIMBAÚBA,1.0025417574437183,1
2615706,PE,844,494.4592417061611,502.5792654028437,495.5530805687204,505.3447867298578,516.2559241706161,502.8384597156398,TRIUNFO,1.0127372627372628,1
2616308,PE,685,490.55941605839416,489.4102189781022,487.7103649635036,478.4392700729927,499.5328467153285,489.1304233576642,VICÊNCIA,1.0425704989154012,0
2616407,PE,4182,503.3964371114299,509.6816116690579,501.11250597800097,507.6090387374462,534.7919655667145,511.3183118125298,VITÓRIA DE SANTO ANTÃO,1.1783176407887723,1
2700102,AL,735,473.5285714285714,479.22979591836736,473.8897959183673,470.9668027210884,474.5850340136054,474.44,ÁGUA BRANCA,0.8207644628099173,0
2700300,AL,11091,495.9461274907583,503.4981336218555,496.3907402398341,499.45180777206747,522.8239112794157,503.6221440807861,ARAPIRACA,1.205858476525504,1
2700409,AL,781,473.37797695262486,471.5984635083227,469.5980793854033,457.4846350832266,476.64532650448143,469.7408962868118,ATALAIA,0.8998643761301989,0
2700706,AL,887,478.0096956031567,482.6393461104848,476.1789177001128,472.5728297632469,488.0270574971815,479.4855693348365,BATALHA,0.8603230890464934,0
2701001,AL,892,484.1456278026906,489.2931614349776,481.2244394618834,484.2246636771301,497.4887892376682,487.27533632287,BOCA DA MATA,0.9234817813765184,0
2701407,AL,1056,477.0815340909091,482.5420454545455,475.7785984848485,469.7770833333333,495.7765151515151,480.1911553030303,CAMPO ALEGRE,0.8516857962697274,0
2702306,AL,1201,478.3388009991674,483.5837635303913,479.9338884263114,475.2752706078268,500.48293089092425,483.52293089092416,CORURIPE,1.1027926322043968,0
2702405,AL,2193,485.5640674874601,493.76607387140905,485.5087095303238,485.1810305517556,497.7200182398541,489.5479799361606,DELMIRO GOUVEIA,1.0031783205085312,0
2702900,AL,1652,477.0380750605327,480.9863196125908,472.3254237288135,475.7980024213076,482.0217917675545,477.63392251815975,GIRAU DO PONCIANO,0.7465042850699143,0
2703106,AL,831,483.3678700361011,484.0448856799037,477.8744885679904,484.9749699157642,517.6413959085439,489.5807220216607,IGACI,0.799671977507029,0
2704302,AL,33233,504.4895194535552,512.141392591701,505.49073812174646,509.0458008605904,532.4430535913099,512.7221009237805,MACEIÓ,1.5017565872020076,1
2704708,AL,953,492.9894018887723,495.3068205666317,492.5565582371459,490.6729275970619,521.2591815320042,498.5569779643232,MARECHAL DEODORO,1.3003973988439306,1
2705705,AL,1152,474.1346354166666,475.5137152777778,469.23298611111113,464.4180555555556,482.4479166666667,473.1494618055555,OLHO D'ÁGUA DAS FLORES,0.834213797389683,0
2706307,AL,3188,484.5318381430364,488.56574654956086,484.1364805520703,482.3115746549561,502.7038895859473,488.44990589711415,PALMEIRA DOS ÍNDIOS,0.9943754394187954,0
2706703,AL,1924,486.1676715176715,487.1156444906445,483.80051975051975,480.66444906444906,500.93555093555096,487.7367671517672,PENEDO,1.0297241893402906,0
2706901,AL,1229,480.359804719284,481.5500406834825,476.3146460537022,469.3242473555736,473.0187144019528,476.1134906427989,PILAR,1.076074972436604,0
2707305,AL,1312,471.3355945121952,467.6044969512195,461.39115853658535,463.3540396341463,447.3475609756098,462.2065701219512,PORTO CALVO,0.8876356367789834,0
2707701,AL,2671,485.1271059528266,487.3837514039686,485.9943466866342,483.2232871583676,488.9404717334332,486.133792587046,RIO LARGO,1.134783695923981,0
2708006,AL,2033,478.51534677816034,486.2643876045253,479.4337432365962,480.2407279881948,484.0826364977865,481.7073684210526,SANTANA DO IPANEMA,0.94650067294751,0
2708402,AL,814,470.6081081081081,475.82346437346433,471.4323095823096,465.5814496314496,472.6289926289927,471.2148648648649,SÃO JOSÉ DA TAPERA,0.8275022143489814,0
2708501,AL,1499,471.7030020013343,474.62474983322215,473.2383589059373,468.8302201467645,465.6037358238826,470.80001334222817,SÃO LUÍS DO QUITUNDE,1.001431718061674,0
2708600,AL,1928,487.6424273858921,490.7349585062241,486.7384854771785,481.2456950207469,506.7116182572614,490.6146369294605,SÃO MIGUEL DOS CAMPOS,1.181724267468069,0
2709152,AL,2154,484.90408542246985,486.6854688950789,480.4225626740947,477.4271123491179,511.95914577530175,488.27967502321263,TEOTÔNIO VILELA,0.9482607167955024,0
2709202,AL,460,477.8795652173913,481.0334782608696,469.5919565217391,477.7941304347826,480.0,477.2598260869565,TRAIPU,0.9231974921630094,0
2709301,AL,3693,478.5972380178717,482.3470349309505,475.5816409423233,470.5470890874627,487.6902247495261,478.9526455456269,UNIÃO DOS PALMARES,0.8708929651279984,0
2709400,AL,1809,473.6892205638474,474.4182421227197,471.1243781094527,465.6464897733554,482.22222222222223,473.4201105583196,VIÇOSA,0.8776978417266187,0
2800308,SE,24605,521.0667222109327,529.8612599065231,517.9457102214997,526.2324405608616,557.3541963015647,530.4920658402764,ARACAJU,1.6920351782218217,2
2800506,SE,494,493.3277327935223,495.1702429149798,484.80668016194335,484.1248987854251,514.8987854251012,494.4656680161944,AREIA BRANCA,1.0465023847376789,1
2800670,SE,1433,481.0520586182833,481.211793440335,475.58032100488487,476.6267969295184,512.533147243545,485.40082344731326,BOQUIM,0.9494605337876206,0
2801009,SE,1129,493.9299379982285,497.4911426040744,482.9363153232949,492.7383525243578,526.96191319752,498.8115323294951,CAMPO DO BRITO,0.9033742331288344,1
2801207,SE,1059,488.0745986779981,494.38432483474975,482.8826251180359,477.3520302171861,502.4362606232295,489.0259678942398,CANINDÉ DE SÃO FRANCISCO,0.947962154294032,0
2801306,SE,773,475.88305304010345,478.720957309185,472.32069857697286,464.2455368693402,460.5174644243209,470.33754204398446,CAPELA,0.8637236084452975,0
2801405,SE,863,475.8278099652376,483.13522595596754,470.6235225955968,473.29096176129775,492.37543453070685,479.05059096176126,CARIRA,0.835514440433213,0
2801504,SE,470,489.5227659574469,488.9802127659575,483.77404255319146,478.151914893617,487.2765957446808,485.5411063829787,CARMÓPOLIS,1.0862619808306708,0
2802106,SE,2126,493.4560677328316,498.4001411100658,491.8148165569144,489.5680150517404,519.1533396048918,498.4784760112888,ESTÂNCIA,1.165694591728526,1
2802403,SE,562,483.21049822064055,481.8768683274021,473.01370106761567,470.8635231316726,492.135231316726,480.21996441281135,GARARU,0.7382753403933434,0
2802809,SE,402,472.0233830845771,475.934328358209,467.5746268656716,458.50646766169154,470.5970149253731,468.9271641791045,INDIAROBA,0.8805668016194332,0
2802908,SE,4056,513.5599852071006,522.2615877712032,503.1202909270217,515.8553500986194,576.8491124260355,526.329265285996,ITABAIANA,1.1754842741095606,2
2803005,SE,1212,475.23927392739273,480.81905940594055,472.37739273927394,475.4666666666666,493.7293729372937,479.5263531353136,ITABAIANINHA,0.8348688873139617,0
2803203,SE,880,486.4514772727272,485.3246590909091,477.6122727272728,470.29409090909087,497.0,483.3365,ITAPORANGA D'AJUDA,0.9391105569409808,0
2803302,SE,708,481.4265536723164,487.6049435028248,481.16214689265536,480.0590395480226,510.9039548022599,488.2313276836159,JAPARATUBA,0.9816369359916056,0
2803500,SE,3862,500.5127395132056,507.694458829622,496.0061626100466,499.6159502848265,541.279129984464,509.021688244433,LAGARTO,1.0665730900340886,1
2804003,SE,665,480.6694736842105,488.2051127819549,485.7076691729323,476.7881203007519,498.5263157894737,485.9793383458647,MARUIM,1.042799597180262,0
2804409,SE,1154,471.2778162911612,467.77183708838817,462.0805892547661,459.2564124783362,462.87694974003466,464.6527209705373,NEÓPOLIS,0.8476458885941645,0
2804508,SE,2106,486.60921177587846,499.00299145299147,485.9275878442545,488.3000949667616,509.5061728395062,493.86921177587845,NOSSA SENHORA DA GLÓRIA,0.980031323414252,1
2804607,SE,982,490.2446028513239,494.27729124236254,483.5835030549898,483.8003054989817,515.519348268839,493.4850101832994,NOSSA SENHORA DAS DORES,1.0342213114754095,1
2804805,SE,3186,493.4983678593848,503.6279347143754,498.1575957313246,493.3037978656623,525.2730696798493,502.77215317011934,NOSSA SENHORA DO SOCORRO,1.2066182842287696,1
2805406,SE,647,471.9749613601237,473.0346213292118,468.6030911901082,463.1038639876352,456.2596599690881,466.5952395672334,POÇO REDONDO,0.7612121212121212,0
2805505,SE,906,487.360706401766,497.23796909492273,485.1879690949227,488.5179911699779,515.7395143487859,494.808830022075,POÇO VERDE,0.8630259623992838,1
2805604,SE,604,476.6299668874172,471.8158940397351,465.77201986754966,467.40165562913904,476.0264900662252,471.5292052980132,PORTO DA FOLHA,0.8135901162790697,0
2805703,SE,2245,481.73492204899776,483.3527839643653,475.3849443207127,473.1041425389755,484.0267260579064,479.5207037861916,PROPRIÁ,0.9500522102332056,0
2805901,SE,794,479.6971032745592,475.6321158690176,472.99899244332494,465.6134760705289,475.8186397984887,473.95206549118393,RIACHUELO,0.962510897994769,0
2806701,SE,2573,501.4841041585698,508.8908666925768,501.3343956471045,495.2929265448892,529.0866692576759,507.2177924601632,SÃO CRISTÓVÃO,1.281444414390046,1
2807105,SE,1310,497.6993129770992,510.22213740458017,493.9448091603053,501.2019847328244,543.7404580152672,509.3617404580153,SIMÃO DIAS,1.0,1
2807402,SE,1632,490.8080269607843,495.8825980392157,489.1607843137255,490.37395833333335,520.6127450980392,497.3676225490196,TOBIAS BARRETO,0.9978763567720624,1
2807600,SE,1374,479.3235807860262,483.86018922852986,476.30131004366814,470.0940320232896,500.2328966521106,481.96240174672494,UMBAÚBA,0.9050211736237144,0
2900702,BA,4496,504.0769572953737,508.9875889679716,499.21739323843417,493.7966637010676,510.62722419928826,503.3411654804271,ALAGOINHAS,1.2670256111757858,1
2901007,BA,1259,494.4425734710087,501.3586973788721,489.8717235901509,482.57037331215247,493.2486100079428,492.2983955520255,AMARGOSA,0.8692544843049327,1
2901106,BA,584,488.07945205479456,495.0352739726027,493.6455479452055,482.4979452054794,510.0,493.8516438356164,AMÉLIA RODRIGUES,1.1443385650224216,1
2901205,BA,532,480.8513157894737,491.84248120300754,478.55864661654135,475.1571428571429,497.96992481203006,484.8759022556391,ANAGÉ,0.8298153034300791,0
2902104,BA,539,488.43135435992576,498.3985157699443,483.9159554730984,487.3641929499072,512.8385899814472,494.1897217068646,ARACI,0.9371639784946236,1
2902609,BA,817,482.5838433292533,496.12570379436966,481.9102815177479,476.0533659730722,495.8384332925336,486.5023255813954,BAIXA GRANDE,0.8267281105990784,0
2902708,BA,1001,482.0245754245754,478.9300699300699,470.4317682317682,468.97612387612384,463.1568431568432,472.7038761238761,BARRA,0.8540361864996521,0
2902807,BA,1202,487.5915973377704,497.7065723793677,484.04875207986686,486.11081530782025,514.675540765391,494.0266555740433,BARRA DA ESTIVA,1.0254901960784313,1
2902906,BA,670,492.6605970149253,506.0714925373135,496.7261194029851,492.53462686567167,511.7910447761194,499.956776119403,BARRA DO CHOÇA,1.023972602739726,1
2903201,BA,7065,504.910474168436,510.8844302901628,498.1361217268224,501.9884925690022,547.8584571832979,512.7555951875443,BARREIRAS,1.393665958952583,1
2903904,BA,1718,489.5081490104773,496.0805587892899,485.19610011641447,486.6048894062864,486.6938300349243,488.8167054714785,BOM JESUS DA LAPA,1.0888646288209607,0
2904100,BA,376,487.9324468085106,482.3369680851064,470.36356382978727,485.4348404255319,518.8297872340426,488.9795212765959,BOQUIRA,0.7727272727272727,0
2904308,BA,319,480.8736677115988,472.5658307210031,468.0404388714733,459.4633228840125,463.51097178683386,468.8908463949844,BREJÕES,0.7543383947939263,0
2904506,BA,345,484.1846376811595,492.1246376811594,479.3353623188406,485.9179710144928,502.0289855072464,488.7183188405797,BROTAS DE MACAÚBAS,0.8595971563981043,0
2904605,BA,1944,511.2034465020576,524.2826131687243,506.2463991769548,525.7370370370371,550.5555555555555,523.605010288066,BRUMADO,1.359035191775405,2
2904704,BA,432,489.5074074074074,500.7305555555556,489.2643518518519,473.70972222222224,490.787037037037,488.7998148148148,BUERAREMA,1.1169093851132683,0
2904902,BA,1300,485.9130769230769,492.0726153846154,488.28661538461535,477.9747692307692,501.38461538461536,489.1263384615384,CACHOEIRA,0.9699948266942576,0
2905008,BA,1592,502.038756281407,509.4170226130653,488.6997487437186,506.9000628140704,539.1582914572864,509.2427763819095,CACULÉ,0.9587710084033614,1
2905206,BA,2166,502.4380424746076,514.8747460757156,498.0324561403509,509.828947368421,548.005540166205,514.63594644506,CAETITÉ,1.0965623792970258,1
2905602,BA,1429,482.5578026592022,489.990132960112,479.0841147655703,469.2974807557733,484.71658502449264,481.1292232330301,CAMACAN,0.9843290891283056,0
2905701,BA,6226,495.3698201092194,508.20830388692576,501.3948602634115,491.90181496948287,509.2804368776101,501.23104722133,CAMAÇARI,1.2954501498887925,1
2905800,BA,683,476.7909224011713,481.71918008784775,471.29253294289896,462.8292825768668,474.904831625183,473.5073499267936,CAMAMU,0.958171206225681,0
2906006,BA,1422,496.8402250351618,509.0304500703235,491.3635021097047,498.4004219409283,519.268635724332,502.9806469760901,CAMPO FORMOSO,1.2255639097744362,1
2906204,BA,651,482.3995391705069,482.54577572964666,472.4623655913978,475.3168970814132,484.7619047619048,479.49729646697386,CANARANA,0.9927536231884058,0
2906303,BA,497,495.61368209255534,511.7569416498994,508.6430583501006,484.6380281690141,510.784708249497,502.2872837022133,CANAVIEIRAS,1.188337801608579,1
2906501,BA,2387,486.4180561374109,494.9673648931714,489.5979472140762,473.53581901969,504.3150397989108,489.766845412652,CANDEIAS,1.121027241770715,0
2906709,BA,920,491.7015217391304,494.105652173913,489.0417391304348,495.800652173913,514.9130434782609,497.1125217391304,CÂNDIDO SALES,1.064579684763573,1
2906808,BA,517,476.6187620889749,478.641586073501,470.2926499032882,467.5694390715667,470.8317214700193,472.79083172146994,CANSANÇÃO,0.917239010989011,0
2906873,BA,1155,488.1307359307359,498.1348917748918,489.40484848484846,483.9714285714286,507.030303030303,493.3344415584416,CAPIM GROSSO,0.9608616504854368,1
2906907,BA,255,485.8168627450981,491.5027450980392,484.5870588235294,477.8713725490196,470.5098039215686,482.0575686274509,CARAVELAS,1.10171568627451,0
2907103,BA,1098,473.9583788706739,467.7314207650273,462.3255009107468,462.5889799635701,452.9508196721312,463.91102003642993,CARINHANHA,0.7574497574497574,0
2907202,BA,1133,483.60264783759936,486.0571932921448,476.9065313327449,477.2499558693733,472.10944395410417,479.1851544571933,CASA NOVA,0.9732550554468362,0
2907301,BA,642,482.92227414330216,492.3866043613708,482.3755451713395,476.3565420560748,488.5981308411215,484.52781931464176,CASTRO ALVES,0.8885172798216276,0
2907509,BA,1434,504.1640864714087,510.29218967921895,498.8571129707113,500.3183403068341,521.1576011157601,506.95786610878656,CATU,1.2029397233201582,1
2907806,BA,1261,487.02379064234736,493.0865186360032,483.9154639175258,483.4279143536875,505.77319587628864,490.6453766851705,CÍCERO DANTAS,0.8605486610058785,0
2908002,BA,854,490.47868852459015,499.5927400468384,490.6105386416862,483.138056206089,490.7025761124122,490.9045199063232,COARACI,0.9796488427773344,1
2908101,BA,655,482.261679389313,486.3592366412213,474.5160305343512,486.3421374045801,455.3282442748092,476.9614656488549,COCOS,0.7916164053075995,0
2908200,BA,578,487.1235294117648,485.6994809688581,481.95951557093423,471.788062283737,490.7612456747405,483.46636678200696,CONCEIÇÃO DA FEIRA,1.070538057742782,0
2908408,BA,1638,500.38461538461536,512.6168498168498,497.5894993894994,492.6366300366301,535.8241758241758,507.8103540903541,CONCEIÇÃO DO COITÉ,1.0332005312084993,1
2908507,BA,891,490.1363636363636,495.2490460157128,492.9290684624018,485.1078563411896,502.0875420875421,493.101975308642,CONCEIÇÃO DO JACUÍPE,1.1577669902912622,1
2908903,BA,577,483.6824956672443,482.1452339688041,478.19046793760833,465.3187175043328,481.1785095320624,478.1030849220104,CORAÇÃO DE MARIA,0.8831453634085213,0
2909000,BA,635,497.53937007874015,507.1047244094488,494.18047244094487,500.651968503937,527.1496062992126,505.3252283464567,CORDEIROS,1.0199733688415449,1
2909307,BA,621,493.2486312399356,489.288727858293,475.7903381642512,484.4389694041868,491.3043478260869,486.81420289855066,CORRENTINA,0.9122971285892634,0
2909802,BA,2835,500.6989770723104,506.0793298059965,494.9846913580248,494.9457142857143,509.2063492063492,501.1830123456791,CRUZ DAS ALMAS,1.179615971515768,1
2909901,BA,635,479.8637795275591,485.01937007874017,473.6058267716536,472.4628346456693,472.6929133858268,476.7289448818898,CURAÇÁ,0.9341692789968652,0
2910057,BA,1534,494.7552151238592,508.4525423728813,500.54993481095175,487.9999348109518,498.6571056062581,498.0829465449804,DIAS D'ÁVILA,1.2679621848739495,1
2910503,BA,1040,479.1734615384616,488.4135576923077,482.47625,468.7230769230769,476.3269230769231,479.0226538461538,ENTRE RIOS,0.9628467635402906,0
2910602,BA,1158,484.6443005181347,487.2392918825561,475.6565630397237,466.64265975820376,480.5699481865285,478.95055267702935,ESPLANADA,0.8970130678282514,0
2910701,BA,1300,484.97415384615385,495.4478461538461,488.62538461538463,476.3895384615385,505.18461538461537,490.1243076923077,EUCLIDES DA CUNHA,0.9821528165086448,0
2910727,BA,2628,503.5986681887367,510.899391171994,505.6394216133942,499.6149543378996,524.9695585996956,508.944398782344,EUNÁPOLIS,1.4741313234542668,1
2910800,BA,17582,505.303566147196,513.436508929587,505.7702422932545,502.4745762711864,528.9261744966443,511.1822136275737,FEIRA DE SANTANA,1.3417997931272267,1
2911204,BA,1584,489.08838383838383,500.5137626262626,488.323547979798,478.2772095959596,522.209595959596,495.6825,GANDU,0.975191700496166,1
2911600,BA,847,483.6282172373081,482.9118063754427,475.5622195985832,468.3885478158205,478.417945690673,477.7817473435656,GOVERNADOR MANGABEIRA,0.8334794040315513,0
2911709,BA,3752,509.8914179104478,514.7070095948827,499.73539445629,512.5304104477613,541.3912579957356,515.6510980810234,GUANAMBI,1.2104264916957146,1
2912103,BA,1108,489.6170577617328,496.3169675090252,486.353880866426,481.81967509025264,517.2563176895306,494.2727797833935,IBICARAÍ,0.9753726506804924,1
2913101,BA,643,494.3373250388803,494.1569206842924,487.444634525661,484.5912908242613,513.3748055987559,494.7809953343702,IBITITÁ,0.9325539568345323,1
2913200,BA,704,481.69190340909086,484.5495738636364,473.5806818181818,475.95,499.7443181818182,483.1032954545455,IBOTIRAMA,1.0789106145251397,0
2913606,BA,6737,508.5133739052991,519.3517292563456,510.1539854534659,502.9057147098114,532.9078224729108,514.7665251595665,ILHÉUS,1.3655256723716382,1
2913705,BA,1323,477.90839002267575,487.4571428571429,479.4418745275888,470.3016628873772,499.848828420257,482.99157974300834,INHAMBUPE,0.814799331103679,0
2913903,BA,2417,496.8569300786098,502.97968556061227,493.2790235829541,485.1605709557303,512.685146876293,498.1922714108399,IPIAÚ,1.0831858407079646,1
2914000,BA,1434,484.5887726638773,493.6108089260809,484.0151324965132,480.41129707112975,517.3221757322176,491.9896373779637,IPIRÁ,0.9029507309149972,0
2914406,BA,595,484.1484033613445,493.1902521008404,486.1344537815126,478.9726050420168,495.96638655462186,487.68242016806727,IRAQUARA,0.925,0
2914505,BA,1324,481.3429003021148,483.23987915407855,475.2685045317221,464.7002265861027,499.4108761329305,480.7924773413897,IRARÁ,0.9135038503850385,0
2914604,BA,2564,512.7500390015601,522.0522620904836,507.4071372854914,510.7324492979719,556.396255850234,521.8676287051483,IRECÊ,1.2679817905918058,1
2914653,BA,569,489.25395430579965,493.2528998242531,484.3108963093146,475.3572934973638,495.3251318101933,487.50003514938487,ITABELA,1.107405140758874,0
2914703,BA,2031,484.72648941408175,494.90925652387983,487.4947316592812,477.9726243229936,502.9246676514032,489.6055539143279,ITABERABA,1.050686723348594,0
2914802,BA,7460,509.0471849865952,520.4943029490616,511.4454691689008,502.90463806970513,540.254691689008,516.8292573726542,ITABUNA,1.4377603925562448,1
2915502,BA,904,489.8872787610619,496.85630530973447,489.79325221238935,482.1983407079646,513.7389380530974,494.4948230088496,ITAJUÍPE,0.9843630816170862,1
2915601,BA,1257,493.9566428003182,506.5455051710421,497.638583929992,490.72832140015913,492.6968973747017,496.3131901352426,ITAMARAJU,1.2175118858954042,1
2915809,BA,431,481.9501160092808,489.8025522041763,482.9276102088167,479.5299303944315,487.5638051044084,484.3548027842227,ITAMBÉ,1.0586232980332828,0
2916005,BA,299,492.4976588628762,500.715050167224,490.87959866220734,493.3782608695652,517.190635451505,498.9322408026756,ITANHÉM,1.048661800486618,1
2916104,BA,388,495.6860824742269,503.908762886598,490.03530927835055,482.644587628866,512.2164948453608,496.89824742268047,ITAPARICA,1.0974358974358975,1
2916401,BA,2489,496.48059461631175,506.5675371635196,494.53599839292895,493.2437926878264,517.8706307754118,501.7397107271997,ITAPETINGA,1.1740677483632225,1
2917300,BA,593,483.3703204047217,486.1222596964587,476.2450252951096,466.06239460371,495.58178752107926,481.4763575042159,ITUBERÁ,1.0358381502890173,0
2917508,BA,2614,494.6378729915837,508.0701224177506,499.8863810252487,492.1051644988523,527.6587605202755,504.4716602907421,JACOBINA,1.1897902283590016,1
2917607,BA,1521,498.9097304404996,504.74345825115057,495.1768573307035,485.86127547666007,532.3997370151217,503.4182117028271,JAGUAQUARA,1.106842885375494,1
2917706,BA,665,486.49112781954886,494.1596992481203,485.0565413533834,479.3981954887218,533.4736842105264,495.7158496240601,JAGUARARI,1.0368098159509205,1
2918001,BA,5069,505.3379956598934,512.9659696192543,503.2286052475833,500.0289998027224,534.8865653975143,511.2896271453936,JEQUIÉ,1.3311493311493312,1
2918100,BA,1128,478.0718971631205,480.54991134751776,473.6166666666667,472.0477836879433,484.5212765957447,477.76150709219854,JEREMOABO,0.8173684210526316,0
2918209,BA,267,499.4374531835206,501.9741573033708,486.6007490636704,475.6569288389513,523.5955056179776,497.4529588014981,JIQUIRIÇÁ,0.8076441102756893,1
2918357,BA,568,483.29788732394366,492.8008802816902,478.73433098591545,484.0410211267605,500.4225352112676,487.8593309859155,JOÃO DOURADO,0.9798115746971736,0
2918407,BA,7485,500.7154843019372,508.9295925183701,499.2981563126253,502.3748697394789,521.5684702738811,506.5773146292586,JUAZEIRO,1.356301395176938,1
2918506,BA,275,490.3258181818182,491.6076363636364,478.4698181818182,478.7818181818182,511.1272727272727,490.0624727272728,JUSSARA,0.824607329842932,0
2919157,BA,466,488.0789699570816,501.11523605150217,488.9128755364807,484.0347639484978,522.8755364806867,497.0034763948498,LAPÃO,0.925531914893617,1
2919207,BA,6921,513.280595289698,522.0088571015749,513.5332466406588,509.8910562057506,538.7545152434619,519.4936540962289,LAURO DE FREITAS,1.5273989524656586,1
2919504,BA,1251,505.244204636291,516.7462829736211,496.3621902478017,515.6,544.4284572342126,515.6762270183852,LIVRAMENTO DE NOSSA SENHORA,1.167101341281669,1
2919553,BA,1945,509.1339845758355,518.1016966580977,505.92627249357326,511.6122879177378,536.5449871465296,516.2638457583547,LUÍS EDUARDO MAGALHÃES,1.626,1
2919801,BA,1191,502.2524769101595,506.9443324937028,489.3607892527288,506.8975650713686,557.8673383711167,512.6645004198152,MACAÚBAS,0.9374074074074074,1
2920502,BA,774,492.3997416020672,500.37015503875966,494.30710594315246,482.1727390180879,504.8062015503876,494.81118863049096,MARACÁS,0.9609232175502742,1
2920601,BA,472,478.29936440677966,482.0792372881356,474.59936440677967,467.9906779661017,466.6949152542373,473.9327118644068,MARAGOGIPE,0.8399253731343284,0
2921005,BA,634,486.1460567823344,486.4077287066246,486.1074132492113,469.15552050473184,470.2839116719243,479.6201261829653,MATA DE SÃO JOÃO,1.0431447746883988,0
2921104,BA,450,494.978,501.2331111111111,489.9457777777778,481.0422222222222,490.44444444444446,491.5287111111111,MEDEIROS NETO,1.069272976680384,1
2921203,BA,779,485.1155327342747,495.39845956354304,484.3377406931964,478.2216944801027,502.0539152759949,489.0254685494224,MIGUEL CALMON,0.9867924528301888,0
2921302,BA,455,478.8402197802197,484.5131868131868,475.97736263736266,474.74725274725273,475.4285714285714,477.9013186813187,MILAGRES,0.8976190476190476,0
2921500,BA,570,480.5956140350877,487.3221052631579,479.0105263157895,466.120701754386,491.0175438596491,480.813298245614,MONTE SANTO,0.7151442307692307,0
2921708,BA,1135,485.3533920704846,490.7108370044053,482.0362995594713,475.7192070484582,487.7004405286344,484.3040352422908,MORRO DO CHAPÉU,0.9526299112801014,0
2922003,BA,657,502.38736681887366,506.94961948249625,495.97321156773216,510.8643835616439,498.6605783866058,502.96703196347033,MUCURI,1.4006572295247726,1
2922300,BA,540,493.3688888888889,496.3764814814815,489.64407407407407,483.9459259259259,500.7037037037037,492.8078148148148,MURITIBA,1.0991379310344829,1
2922409,BA,744,487.7092741935484,488.20188172043015,480.0551075268817,474.780376344086,497.1774193548387,485.58481182795697,MUTUÍPE,0.9190207156308852,0
2922508,BA,1083,488.0260387811634,490.8547553093259,483.029270544783,472.10757156048015,488.8457987072945,484.57268698060943,NAZARÉ,0.957872478854912,0
2923001,BA,423,484.6418439716312,486.75673758865247,484.7463356973996,477.4070921985816,461.2765957446808,478.9657210401891,NOVA VIÇOSA,1.0946745562130178,0
2923209,BA,264,475.79128787878784,472.1272727272727,465.5901515151516,476.17196969696965,487.5757575757576,475.4512878787879,OLIVEIRA DOS BREJINHOS,0.8086890243902439,0
2923407,BA,464,493.6620689655173,497.51465517241377,479.6178879310345,477.77952586206897,496.5086206896552,489.0165517241379,PALMAS DE MONTE ALTO,0.7342454394693201,0
2923605,BA,1238,496.61623586429727,497.23085621970927,478.28392568659126,488.9163166397415,514.7334410339257,495.156155088853,PARAMIRIM,0.8808664259927798,1
2923704,BA,439,475.4152619589977,472.8435079726651,464.875854214123,457.65535307517086,457.26651480637815,465.6112984054669,PARATINGA,0.7556360708534622,0
2923803,BA,1434,491.8403765690376,504.0649930264993,488.7673640167364,488.176290097629,543.4588563458856,503.2615760111576,PARIPIRANGA,0.7689470154258886,1
2924009,BA,3289,502.18190939495287,507.1277287929462,502.0161751292186,503.3088172696868,529.3159014898146,508.79010641532375,PAULO AFONSO,1.3663539783001808,1
2924405,BA,225,480.38,478.70755555555553,470.26133333333337,466.29911111111113,483.55555555555554,475.8407111111112,PILÃO ARCADO,1.048913043478261,0
2924603,BA,452,479.7347345132744,482.44446902654863,476.6044247787611,464.09823008849554,465.08849557522126,473.5940707964602,PINDOBAÇU,0.8346839546191248,0
2925105,BA,2108,487.6923624288425,499.22205882352944,485.9098671726756,479.1318785578748,506.74573055028463,491.7403795066413,POÇÕES,0.9641866111689212,1
2925204,BA,1092,501.7923992673993,513.4860805860807,501.9333333333333,499.7245421245421,512.4725274725274,505.8817765567766,POJUCA,1.237961225766104,1
2925303,BA,2742,506.28822027717,515.9078409919766,507.8946754194019,500.2857403355215,521.0211524434719,510.2795258935084,PORTO SEGURO,1.4991735537190083,1
2925501,BA,455,492.6336263736263,502.0037362637363,492.2052747252747,491.0597802197802,504.2637362637363,496.4332307692308,PRADO,1.0978581979320532,1
2925600,BA,302,487.7294701986755,493.65198675496686,480.1506622516556,477.3963576158941,500.5960264900662,487.9049006622516,PRESIDENTE DUTRA,0.843421052631579,0
2925758,BA,460,486.0002173913044,491.5317391304348,479.29956521739126,472.65934782608696,499.6521739130435,485.8286086956522,PRESIDENTE TANCREDO NEVES,0.9062952243125904,0
2926004,BA,766,487.4157963446475,501.1039164490861,486.44255874673627,492.9377284595301,504.1514360313316,494.4102872062663,REMANSO,1.116719242902208,1
2926202,BA,276,475.8083333333333,471.8978260869565,460.4206521739131,468.718115942029,493.84057971014494,474.13710144927535,RIACHÃO DAS NEVES,0.935309973045822,0
2926301,BA,1525,496.58760655737706,507.7351475409836,492.94393442622953,495.4500983606558,516.3540983606557,501.81417704918033,RIACHÃO DO JACUÍPE,0.9691229891022316,1
2926400,BA,993,494.5524672708963,501.8491440080564,483.3020140986909,493.34692849949647,521.067472306143,498.8236052366567,RIACHO DE SANTANA,0.8454265611257695,1
2926608,BA,2049,489.204831625183,497.2048804294778,487.26373840898,482.72679355783305,500.4880429477794,491.3776573938506,RIBEIRA DO POMBAL,0.932993445010925,1
2926707,BA,360,497.8175,498.3302777777778,482.0913888888889,493.5388888888889,514.3888888888889,497.2333888888888,RIO DE CONTAS,1.0403225806451613,1
2927002,BA,768,489.58046875,496.27239583333335,486.20078125,480.96796875,520.6510416666666,494.73453125,RIO REAL,0.8429268292682927,1
2927200,BA,914,480.50995623632383,482.6041575492342,472.6213347921226,467.7520787746171,460.1750547045952,472.7325164113786,RUY BARBOSA,0.783384497313891,0
2927408,BA,69357,516.0583834364231,528.393513271912,517.5375102729357,515.0147396802053,542.5257724526724,523.9059838228297,SALVADOR,1.5055113997638296,2
2928000,BA,789,484.1564005069709,487.420278833967,483.6755386565272,472.0567807351077,485.0950570342205,482.48081115335873,SANTALUZ,0.8900172860847018,0
2928109,BA,1403,493.415680684248,494.608125445474,481.86892373485387,488.29950106913753,488.88096935138987,489.4146400570206,SANTA MARIA DA VITÓRIA,1.036094012311136,0
2928208,BA,506,488.1361660079051,483.4130434782609,473.5849802371541,481.7268774703557,475.8893280632411,480.55007905138336,SANTANA,1.0564,0
2928406,BA,614,479.6700325732899,479.5154723127036,467.0034201954397,472.5268729641694,487.88273615635177,477.3197068403909,SANTA RITA DE CÁSSIA,0.8690798376184032,0
2928604,BA,1381,481.79384503982624,485.3687907313541,485.4590152063722,465.9715423606082,489.94931209268645,481.7085010861695,SANTO AMARO,1.0288506829957609,0
2928703,BA,4597,502.4065259952142,506.937350445943,498.8326517293888,490.7290406787035,517.9638894931477,503.37389166847953,SANTO ANTÔNIO DE JESUS,1.230421204356182,1
2928802,BA,1478,483.5324763193505,483.99431664411367,480.26759133964816,473.984303112314,493.74830852503385,483.105399188092,SANTO ESTÊVÃO,0.8977218794494543,0
2929008,BA,282,470.4180851063829,475.63546099290784,469.4237588652482,455.2897163120567,444.822695035461,463.11794326241136,SÃO FÉLIX,0.9121287128712872,0
2929107,BA,599,486.47729549248754,486.974123539232,474.448080133556,479.4841402337229,475.8263772954925,480.64200333889823,SÃO FELIPE,0.8080182529335072,0
2929206,BA,775,480.2989677419355,483.3274838709677,475.1214193548387,459.4205161290323,456.6193548387097,470.9575483870967,SÃO FRANCISCO DO CONDE,1.020944402132521,0
2929255,BA,396,489.614898989899,500.8666666666667,490.6411616161616,482.86818181818177,509.8484848484849,494.7678787878787,SÃO GABRIEL,0.77321083172147,1
2929305,BA,950,484.17694736842105,487.31715789473685,477.49357894736846,467.29894736842107,483.8105263157895,480.0194315789474,SÃO GONÇALO DOS CAMPOS,1.0073975720789077,0
2929503,BA,799,488.8272841051314,495.619774718398,495.0481852315394,480.890112640801,488.2853566958698,489.734142678348,SÃO SEBASTIÃO DO PASSÉ,1.1001254180602007,0
2929602,BA,780,483.5126923076924,483.3134615384615,473.0217948717949,468.3248717948718,467.5128205128205,475.1371282051282,SAPEAÇU,0.93351593625498,0
2929909,BA,1984,490.720564516129,499.2917842741936,489.671875,483.5918850806452,519.4657258064516,496.54836693548384,SEABRA,1.0246753246753246,1
2930105,BA,3573,495.62149454240136,501.51256647075286,489.6354603974251,488.2891967534285,507.1480548558634,496.4413546039743,SENHOR DO BONFIM,1.1426440329218106,1
2930154,BA,380,477.4055263157895,479.99894736842106,469.9615789473684,473.15315789473686,452.8421052631579,470.6722631578948,SERRA DO RAMALHO,0.9537735849056604,0
2930204,BA,230,474.4652173913044,473.45217391304345,469.21434782608696,472.2169565217391,469.39130434782606,471.74799999999993,SENTO SÉ,1.047376093294461,0
2930303,BA,440,476.7825,477.8875,464.5963636363636,470.3847727272727,466.09090909090907,471.148409090909,SERRA DOURADA,0.9086998087954112,0
2930501,BA,2788,493.9091463414634,501.001506456241,488.6808823529412,488.7741032998565,511.9583931133429,496.864806312769,SERRINHA,1.0521373056994818,1
2930709,BA,2694,492.3082776540461,501.4048997772829,495.4883444691909,486.18021529324426,495.73867854491465,494.22408314773577,SIMÕES FILHO,1.189812845597618,1
2930774,BA,607,491.79242174629326,496.3084019769358,485.4637561779242,489.0995057660626,491.334431630972,490.7997034596376,SOBRADINHO,1.1464530892448512,1
2931350,BA,3681,507.2202118989405,514.0858734039664,508.0190980711763,505.8207280630264,533.3876663950014,513.7067155664222,TEIXEIRA DE FREITAS,1.3369809688581316,1
2931905,BA,1022,490.2017612524462,505.3503913894325,492.7953033268101,491.8112524461839,515.3228962818004,499.0963209393346,TUCANO,0.8979348689436061,1
2932002,BA,548,488.0607664233576,491.3740875912409,479.6260948905109,475.3523722627737,490.948905109489,485.07244525547446,UAUÁ,0.8581699346405228,0
2932101,BA,447,494.3883668903803,490.5467561521253,476.4127516778523,476.8642058165548,502.4161073825503,488.1256375838926,UBAÍRA,0.8094227504244482,0
2932200,BA,892,486.91042600896856,495.3207399103139,483.11692825112107,472.4420403587444,503.0269058295964,488.1634080717489,UBAITABA,0.9654178674351584,0
2932408,BA,337,502.5189910979228,507.08872403560827,490.24955489614246,494.9887240356084,520.8308605341247,503.13537091988127,UIBAÍ,0.85,1
2932457,BA,178,477.9932584269663,482.9612359550562,474.06966292134825,461.573595505618,470.561797752809,473.4319101123596,UMBURANAS,0.7818840579710145,0
2932507,BA,378,486.60502645502646,499.7148148148149,491.2965608465609,473.5936507936508,488.9417989417989,488.0303703703704,UNA,1.1133879781420766,0
2932606,BA,344,501.5220930232558,509.22587209302327,495.4293604651163,506.2630813953488,538.2558139534884,510.13924418604654,URANDI,1.012415349887133,1
2932903,BA,1958,501.1055669050051,511.7864147088866,498.938253319714,489.88983656792647,533.8610827374872,507.1162308478039,VALENÇA,1.1917556742323097,1
2933000,BA,739,500.5086603518269,512.2481732070365,498.8473612990528,496.0776725304466,552.4492557510149,512.0262246278755,VALENTE,1.050502512562814,1
2933208,BA,615,493.7362601626016,498.1865040650407,489.11121951219513,474.9227642276423,512.390243902439,493.66939837398377,VERA CRUZ,0.9555730809674028,1
2933307,BA,12352,517.7256557642487,530.2043231865284,517.4638439119171,521.8977574481866,562.9517487046633,530.0486658031089,VITÓRIA DA CONQUISTA,1.5238441407385868,2
2933604,BA,1077,483.594243268338,482.797400185701,470.8784586815227,465.11875580315694,478.1615598885794,476.1100835654596,XIQUE-XIQUE,0.8576506431956669,0
3100203,MG,1054,518.6356736242884,532.6481973434535,514.8435483870968,541.2734345351043,544.7628083491461,530.4327324478179,ABAETÉ,1.603855232100708,2
3100500,MG,264,498.3742424242424,520.0935606060607,500.6973484848485,507.64659090909095,513.7121212121212,508.1047727272728,AÇUCENA,1.2429775280898876,1
3100906,MG,586,493.74112627986347,494.0950511945393,488.02696245733785,494.7602389078498,491.29692832764505,492.3840614334471,ÁGUAS FORMOSAS,1.097913862718708,1
3101102,MG,578,520.7596885813149,528.9441176470589,516.718339100346,528.6737024221454,529.2387543252595,524.8669204152249,AIMORÉS,1.6493142144638404,2
3101508,MG,842,518.3877672209026,534.1142517814727,520.2774346793349,536.9914489311163,558.5748218527316,533.6691448931116,ALÉM PARAÍBA,1.8487437185929647,2
3101607,MG,3464,526.8095554272518,537.057390300231,522.0298210161664,537.8626732101617,559.3475750577368,536.6214030023095,ALFENAS,1.9404301075268815,2
3101706,MG,1544,493.84915803108805,500.6490284974093,494.83847150259066,496.99190414507774,497.1373056994819,496.6931735751296,ALMENARA,1.1397394881170018,1
3101904,MG,1071,516.6063492063493,521.475350140056,507.7402427637722,539.6653594771242,537.4789915966387,524.593258636788,ALPINÓPOLIS,1.7923404255319149,2
3102308,MG,562,513.3937722419929,519.5841637010676,505.99857651245554,520.6434163701067,516.5836298932385,515.2407117437723,ALVINÓPOLIS,1.587916063675832,1
3102605,MG,772,533.0809585492228,542.720207253886,526.6764248704663,547.0796632124352,555.6217616580311,541.0358031088083,ANDRADAS,2.120133819951338,2
3102803,MG,988,507.019028340081,518.224089068826,504.6200404858299,513.5376518218624,535.0202429149798,515.6842105263158,ANDRELÂNDIA,1.4866852146263911,1
3103405,MG,1869,496.6570893525949,506.0456393793473,496.4019796682719,508.1388978063136,503.9700374531835,502.24272873194224,ARAÇUAÍ,1.148964301454385,1
3103504,MG,2694,524.831737193764,537.6455085374907,525.8336302895323,535.4272828507795,556.7409057164068,536.0958129175947,ARAGUARI,2.082263790278536,2
3104007,MG,1976,530.9968623481782,543.7287955465588,528.905060728745,561.2527834008097,582.2165991902834,549.4200202429149,ARAXÁ,2.459767814251401,2
3104205,MG,871,528.9898966704937,535.4659012629162,525.9360505166475,559.2180252583238,561.4006888633754,542.2021125143513,ARCOS,2.224416517055656,2
3104304,MG,1041,515.5858789625361,528.0481268011528,511.8876080691643,534.831604226705,553.7367915465899,528.8180019212297,AREADO,1.6956352299298518,2
3104502,MG,862,487.4379350348028,488.7429234338748,482.5145011600928,482.7931554524362,481.1368909512761,484.52508120649657,ARINOS,1.091942148760331,0
3104908,MG,472,524.2084745762712,535.5271186440677,523.0877118644067,540.0052966101695,553.3474576271186,535.2352118644068,BAEPENDI,1.528174603174603,2
3105103,MG,718,529.6580779944289,537.2128133704736,518.0310584958218,539.8525069637883,553.175487465181,535.5859888579387,BAMBUÍ,1.8388480392156863,2
3105400,MG,1033,511.4816069699903,526.9250726040658,514.4567279767667,529.7574056147145,519.2255566311713,520.3692739593419,BARÃO DE COCAIS,1.945724907063197,2
3105608,MG,6045,529.0008933002481,543.3198842018197,527.0107361455748,553.6458891645988,564.4830438378825,543.4920893300248,BARBACENA,1.8160043724279835,2
3106200,MG,78966,541.5159954917307,558.2125421067295,542.3582769799661,563.8623888762252,574.9471924625789,556.1792791834462,BELO HORIZONTE,2.237089887317741,2
3106705,MG,9850,518.8092893401015,530.8940812182741,522.510345177665,528.3229035532995,532.5096446700508,526.6092527918782,BETIM,1.9034211790542857,2
3107109,MG,1900,511.74721052631577,519.2522631578947,507.3960526315789,527.6178421052632,537.0315789473684,520.6089894736841,BOA ESPERANÇA,1.5792709705753183,1
3107307,MG,2101,505.9869109947644,515.0652546406474,504.344930985245,504.4147548786292,500.19990480723465,506.00235126130417,BOCAIÚVA,1.306398186889819,1
3107406,MG,1141,532.9168273444346,551.9733567046451,533.196231375986,562.3490797546012,577.6687116564417,551.6208413672217,BOM DESPACHO,2.2726190476190475,2
3108008,MG,853,512.0078546307151,518.6670574443142,507.0440797186401,519.7975381008206,532.9425556858148,518.0918171160608,BOM SUCESSO,1.539655172413793,1
3108552,MG,483,498.10124223602486,502.6173913043479,488.708281573499,497.0672877846791,488.6128364389234,495.0214078674949,BRASILÂNDIA DE MINAS,1.2727642276422764,1
3108602,MG,1517,492.4760711931443,502.50949241924855,493.1803559657218,496.9392880685564,484.1001977587344,493.841081081081,BRASÍLIA DE MINAS,1.111658653846154,1
3109006,MG,1721,516.1925624636839,529.5337594421848,516.5423590935503,526.361127251598,524.4509006391633,522.616141778036,BRUMADINHO,1.9156626506024097,2
3109303,MG,537,493.22607076350096,498.1081936685288,486.94208566108006,497.57635009310985,490.1303538175047,493.1966108007449,BURITIS,1.1480263157894737,1
3110004,MG,1172,515.6556313993174,532.3424061433448,518.8429180887372,533.287457337884,530.6313993174061,526.1519624573378,CAETÉ,1.9970106985525489,2
3110509,MG,401,512.2508728179552,529.6379052369077,522.3581047381547,542.1044887780548,521.3466334164589,525.5396009975062,CAMANDUCAIA,2.008116883116883,2
3110608,MG,912,522.1332236842105,538.6894736842105,525.2264254385965,538.6282894736842,535.3728070175439,532.010043859649,CAMBUÍ,1.8745915032679736,2
3111200,MG,1815,524.758347107438,535.6760881542699,518.0831404958678,541.4417630853994,547.3388429752066,533.4596363636364,CAMPO BELO,1.74965564738292,2
3111507,MG,241,513.8585062240663,518.7904564315353,508.9809128630705,526.0153526970954,537.5103734439834,521.0311203319502,CAMPOS ALTOS,1.8611111111111112,2
3111606,MG,1132,516.4575088339222,520.3762367491166,506.0971731448763,530.6560070671378,542.5971731448764,523.2368197879857,CAMPOS GERAIS,1.5539879608728366,2
3112307,MG,1223,509.0119378577269,526.2170891251022,510.08528209321344,525.709239574816,521.0956663941129,518.4238430089943,CAPELINHA,1.3116754617414248,1
3113305,MG,1889,509.54351508734777,518.8874536791953,505.9622022233986,517.3499205929063,541.0693488618317,518.562488088936,CARANGOLA,1.4152523447967842,1
3113404,MG,3685,515.874816824966,525.1665943012212,511.133487109905,524.5800271370421,541.9158751696065,523.734160108548,CARATINGA,1.417388676203909,2
3113701,MG,448,494.72165178571424,501.9904017857143,497.8180803571428,486.2917410714286,498.3482142857143,495.8340178571429,CARLOS CHAGAS,1.377677100494234,1
3113800,MG,141,513.9737588652482,523.641134751773,514.2177304964539,524.6943262411347,545.531914893617,524.4117730496453,CARMÉSIA,1.4437086092715232,2
3114303,MG,769,527.1840052015605,537.874122236671,519.6868660598179,543.2772431729519,579.8959687906372,541.5836410923278,CARMO DO PARANAÍBA,2.1822849807445444,2
3115300,MG,1363,535.2484959647835,543.994497432135,527.059280997799,563.1972120322818,579.1636096845194,549.7326192223037,CATAGUASES,1.9679955081414933,2
3115508,MG,1116,515.9519713261649,535.2705197132617,520.3941756272402,545.9306451612903,541.7741935483871,531.8643010752688,CAXAMBU,1.5669675090252708,2
3116605,MG,1019,518.534445534838,532.6400392541707,519.5315996074582,545.1526005888126,544.9263984298332,532.1570166830226,CLÁUDIO,1.934123025768911,2
3117504,MG,634,494.57003154574136,505.2845425867508,499.4425867507886,503.4326498422713,499.6845425867508,500.4828706624606,CONCEIÇÃO DO MATO DENTRO,1.5030691964285714,1
3118007,MG,1663,524.3662657847264,540.6295249549008,525.9434756464221,544.6638604930848,551.2206855081179,537.3647624774505,CONGONHAS,2.15531015037594,2
3118304,MG,4008,531.9431886227544,546.3644211576847,530.0567614770459,554.1169411177646,564.9950099800399,545.4952644710579,CONSELHEIRO LAFAIETE,2.001778846153846,2
3118403,MG,657,506.1922374429224,516.8529680365297,507.65235920852354,511.15585996955866,505.4185692541857,509.4543987823439,CONSELHEIRO PENA,1.541135573580533,1
3118601,MG,15402,526.6000064926633,541.8273600831061,529.8182768471627,541.1839696143358,543.1891962082847,536.5237618491104,CONTAGEM,2.1067232232890527,2
3118809,MG,762,496.9324146981628,499.572965879265,491.010498687664,496.38083989501314,485.485564304462,493.8764566929134,CORAÇÃO DE JESUS,1.012378640776699,1
3119104,MG,619,507.0636510500808,512.8339256865913,500.5988691437803,509.0336025848142,510.63004846526655,508.0320193861066,CORINTO,1.3694717444717446,1
3119302,MG,735,520.1703401360544,533.7891156462586,521.2861224489795,537.1042176870748,549.8231292517007,532.4345850340136,COROMANDEL,1.7914165666266506,2
3119401,MG,2455,518.7438696537678,533.3237067209776,521.8435030549898,535.5130346232179,556.9450101832994,533.2738248472505,CORONEL FABRICIANO,1.848487031700288,2
3120904,MG,2609,517.8185128401686,527.9215408202376,515.4532004599463,525.5778075891146,538.2138750479111,524.9969873514757,CURVELO,1.7258765575195596,2
3121605,MG,4086,521.243954968184,527.7625795398923,515.3846304454235,518.7101076847773,531.3607440039158,522.8924033284386,DIAMANTINA,1.6224680170575694,2
3122306,MG,7302,536.7518351136674,547.3031498219666,533.0071487263764,566.1889345384826,577.2884141331142,552.1078964667214,DIVINÓPOLIS,2.2326702997275203,2
3123700,MG,604,503.76903973509934,513.1279801324503,500.4902317880794,516.1766556291391,524.3046357615895,511.5737086092715,ENGENHEIRO CALDAS,1.333657587548638,1
3123908,MG,941,526.1467587672688,538.6001062699256,518.0602550478214,545.696705632306,558.3634431455898,537.3734537725824,ENTRE RIOS DE MINAS,1.6672824302134648,2
3124005,MG,611,522.962193126023,542.7949263502455,520.2085106382979,543.3708674304419,571.620294599018,540.1913584288053,ERVÁLIA,1.4803921568627452,2
3124104,MG,841,502.90261593341256,520.3615933412603,508.531272294887,510.9385255648038,494.6254458977408,507.47189060642086,ESMERALDAS,1.6806013179571664,1
3124302,MG,635,499.6148031496064,506.8497637795275,497.6396850393701,508.5867716535433,513.3228346456693,505.20277165354327,ESPINOSA,1.2275510204081632,1
3126109,MG,1438,535.8155771905424,548.0231571627261,527.6378303198887,566.6278164116829,577.4826147426982,551.1173991655078,FORMIGA,2.1752406738868832,2
3126703,MG,649,494.8813559322034,503.8234206471495,492.25963020030815,494.2993836671803,524.6841294298921,501.9895839753467,FRANCISCO SÁ,1.1656942823803966,1
3127107,MG,1422,510.8397327707454,517.5182137834037,505.74142053445854,514.176582278481,502.0956399437412,510.0743178621659,FRUTAL,1.959902794653706,1
3127701,MG,9620,517.7622037422038,529.5366735966736,519.0161122661123,534.434864864865,549.1600831600831,529.9819875259875,GOVERNADOR VALADARES,1.7502492699950143,2
3128006,MG,1349,511.46404744255005,522.7141586360267,508.7336545589325,522.3240177909562,523.3802816901408,517.7232320237213,GUANHÃES,1.428759508484494,1
3128709,MG,1241,533.6034649476229,549.3951651893634,532.2689766317486,561.4965350523771,569.8791297340854,549.3286543110395,GUAXUPÉ,2.083858764186633,2
3129806,MG,4062,507.67065484982766,520.8544066962088,514.0507385524372,513.7006893156081,517.4987690792713,514.7550516986706,IBIRITÉ,1.819159599074788,1
3130101,MG,1013,519.0135241855874,529.198321816387,518.1,533.9162882527147,524.4027640671274,524.9261796643633,IGARAPÉ,1.8226864640883975,2
3130606,MG,696,533.135775862069,543.7699712643679,525.046408045977,558.0987068965518,560.7471264367816,544.1595977011496,INCONFIDENTES,1.9045287637698896,2
3130903,MG,1039,508.0414821944177,519.465447545717,504.756207892204,523.8102983638114,525.9287776708373,516.4004427333974,INHAPIM,1.2679259830377796,1
3131307,MG,8663,529.0451460233176,541.3798799492093,525.6958790257416,550.4243564585017,571.2801569894956,543.5650836892531,IPATINGA,1.903648729574814,2
3131703,MG,4186,524.3736263736264,540.1442188246536,523.3957477305304,544.573530817009,560.8647873865265,538.6703822264692,ITABIRA,2.01137865911237,2
3131901,MG,1657,523.9009656004828,537.1127942063971,523.0463488231744,546.5970428485215,553.5787567893784,536.847181653591,ITABIRITO,2.1382233273056057,2
3132107,MG,618,480.8190938511327,479.6804207119741,471.6631067961165,471.3284789644013,445.9546925566343,469.8891585760518,ITACARAMBI,1.0552359033371692,0
3132404,MG,4964,533.9751611603546,547.6216760676873,530.2547945205479,571.2451651893634,573.2111200644641,551.2615834004835,ITAJUBÁ,1.894614147909968,2
3132503,MG,1040,506.84163461538463,521.9194230769231,505.8798076923077,516.8921153846154,526.9038461538462,515.6873653846153,ITAMARANDIBA,1.1562266964951529,1
3133303,MG,970,491.9017525773196,499.8796907216495,492.37721649484536,495.8002061855671,503.3608247422681,496.66393814433,ITAOBIM,1.0603146853146854,1
3133808,MG,1943,538.874420998456,554.9514668039114,535.6208440555841,574.3100360267626,583.8188368502316,557.5151209469892,ITAÚNA,2.1850942655145325,2
3134202,MG,4021,508.4947525491171,515.5805023625963,507.57316587913454,510.3389952748073,510.20641631434967,510.438766476001,ITUIUTABA,1.7354815219370108,1
3134400,MG,1240,499.8611290322581,505.46806451612906,497.5895161290322,508.3628225806452,499.11290322580646,502.07888709677417,ITURAMA,2.0088980150581794,1
3134707,MG,382,477.4489528795812,481.16047120418847,473.8955497382199,474.892670157068,451.4659685863874,471.772722513089,JACINTO,1.0321285140562249,0
3135050,MG,717,491.96569037656906,501.6069735006974,491.2478382147838,504.7846582984658,493.305439330544,496.582119944212,JAÍBA,1.2845262096774193,1
3135100,MG,3058,498.771778940484,504.5404185742316,497.21635055591895,511.534663178548,506.814911706998,503.7756245912361,JANAÚBA,1.341707569103591,1
3135209,MG,2740,493.4438321167884,492.95773722627735,485.6389416058394,492.2310948905109,476.2554744525547,488.10541605839416,JANUÁRIA,1.209438775510204,0
3135803,MG,571,486.7807355516637,496.9413309982487,490.9908931698774,486.8504378283712,473.415061295972,486.9956917688266,JEQUITINHONHA,1.125866050808314,0
3136207,MG,3298,530.6866889023651,541.7698302001213,523.8899939357186,550.2809278350516,564.0933899332929,542.1441661613098,JOÃO MONLEVADE,1.8811592477981436,2
3136306,MG,1072,507.39486940298514,513.156156716418,502.2944029850746,518.3417910447762,522.276119402985,512.6926679104478,JOÃO PINHEIRO,1.6026336173508908,1
3136652,MG,826,526.7202179176755,540.1564164648911,522.0219128329297,534.2473365617433,533.1719128329298,531.2635593220339,JUATUBA,1.898066075745367,2
3136702,MG,15154,540.2927807839515,558.1485680348424,540.8590075227663,565.5861422726673,580.7839514319652,557.1340900092384,JUIZ DE FORA,2.16857229704452,2
3137007,MG,300,492.5906666666667,498.87266666666665,492.5506666666667,489.872,478.06666666666666,490.3905333333334,LADAINHA,1.027511961722488,1
3137205,MG,1326,527.375641025641,540.2666666666667,525.4287330316743,554.611689291101,579.3815987933635,545.4128657616893,LAGOA DA PRATA,2.1938369781312126,2
3137601,MG,1945,534.2636503856041,548.0072493573265,533.5072493573265,551.8851413881748,558.5501285347044,545.2426838046273,LAGOA SANTA,2.3041446566436408,2
3137809,MG,695,518.1643165467626,531.236690647482,518.5486330935252,553.5480575539568,525.841726618705,529.4678848920863,LAMBARI,1.5529859484777515,2
3138203,MG,5670,535.9528218694885,543.9373897707231,528.6739506172839,553.5579365079365,571.2804232804233,546.680504409171,LAVRAS,2.030883367839889,2
3138401,MG,1095,533.0275799086758,538.916803652968,525.2516894977168,557.8818264840182,558.0639269406392,542.6283652968036,LEOPOLDINA,1.828413940256045,2
3138609,MG,628,517.256050955414,530.3547770700636,511.8042993630573,529.8843949044586,527.9936305732484,523.4586305732485,LIMA DUARTE,1.62292817679558,2
3138658,MG,910,488.76175824175823,494.9871428571428,485.7879120879121,490.2217582417582,481.5164835164835,488.2550109890109,LONTRA,0.9104417670682732,0
3138807,MG,572,525.6227272727273,529.3120629370629,514.334965034965,538.2498251748252,538.5314685314685,529.2102097902098,LUZ,1.8410470409711683,2
3138906,MG,263,481.3703422053232,480.40304182509504,477.0307984790875,481.39277566539926,446.9201520912548,473.423422053232,MACHACALIS,0.9507692307692308,0
3139003,MG,1018,529.9554027504911,543.9205304518664,525.8768172888016,552.5781925343811,584.4400785854617,547.3542043222004,MACHADO,1.9537777777777776,2
3139201,MG,512,498.055078125,514.1673828125,498.689453125,508.0125,495.8984375,502.9645703125,MALACACHETA,1.1288546255506609,1
3139300,MG,639,474.1062597809077,474.0823161189358,469.0032863849765,468.7006259780908,436.1815336463224,464.4148043818466,MANGA,0.954329774614472,0
3139409,MG,3950,511.5921012658228,520.558253164557,507.4035443037975,523.4813164556962,526.1822784810126,517.8434987341773,MANHUAÇU,1.4774408284023668,1
3139508,MG,742,519.7785714285715,533.51051212938,516.9830188679246,529.5080862533692,534.743935309973,526.9048247978437,MANHUMIRIM,1.403964984552008,2
3139607,MG,916,505.0116812227074,515.2109170305677,505.73657205240175,517.5123362445414,523.3842794759826,513.3711572052401,MANTENA,1.517960363336086,1
3140001,MG,2670,517.682734082397,532.6879026217229,521.37734082397,522.9347191011236,539.2734082397004,526.7912209737829,MARIANA,1.7721083850094366,2
3140704,MG,646,518.4329721362229,529.6495356037151,517.6201238390092,528.1250773993808,540.3095975232198,526.8274613003097,MATEUS LEME,1.7872972972972974,2
3141108,MG,1092,513.5884615384615,525.7374542124543,515.0673992673992,521.223717948718,515.9706959706959,518.3175457875458,MATOZINHOS,1.7609096496619543,1
3141801,MG,743,495.5989232839838,502.9013458950202,487.4462987886944,493.6364737550471,486.3257065948856,493.1817496635263,MINAS NOVAS,1.1163366336633664,1
3142908,MG,963,485.1779854620976,490.1274143302181,482.0855659397716,497.2030114226376,478.3385254413292,486.58650051921086,MONTE AZUL,1.020060396893874,0
3143104,MG,1448,520.1095303867403,532.4904696132596,513.971546961326,535.3655386740331,551.353591160221,530.658135359116,MONTE CARMELO,1.7428097345132745,2
3143302,MG,17562,521.5472440496526,531.3696560756179,519.7708803097597,529.2963272975743,557.9273431272064,531.9822901719622,MONTES CLAROS,1.7413936372269705,2
3143401,MG,622,523.4514469453376,542.9736334405144,529.9506430868167,544.8030546623794,545.8842443729903,537.4126045016077,MONTE SIÃO,2.352015113350126,2
3143906,MG,3549,522.8496477881093,533.5898562975486,519.6487461256692,541.3877148492533,564.5252183713723,536.4002366863906,MURIAÉ,1.782362276127862,2
3144003,MG,552,511.7382246376812,517.2510869565217,506.9534420289855,525.5132246376811,515.6521739130435,515.4216304347826,MUTUM,1.3104249667994687,1
3144102,MG,983,533.6990844354018,543.0494404883011,526.6762970498474,555.9193285859612,568.9318413021363,545.6551983723297,MUZAMBINHO,1.994756711409396,2
3144300,MG,941,496.4134962805526,501.0334750265675,494.0178533475026,492.3566418703506,482.7205100956429,493.3083953241232,NANUQUE,1.2269258720930232,1
3144607,MG,609,518.9970443349754,528.9215106732348,511.9395730706076,535.6848932676519,535.1395730706075,526.1365188834154,NEPOMUCENO,1.62268803945746,2
3144706,MG,976,509.6747950819672,521.2096311475409,509.8623975409837,515.4045081967213,521.3729508196722,515.504856557377,NOVA ERA,1.6403310759969902,1
3144805,MG,2277,524.2640316205533,539.1659200702679,529.2422924901185,545.6519543258673,547.8524374176548,537.2353271848924,NOVA LIMA,2.116890563564876,2
3145208,MG,1373,515.3861616897304,529.3057538237437,518.7166059723234,539.8866715222141,525.2585579024035,525.7107501820831,NOVA SERRANA,2.091429238673517,2
3145307,MG,936,487.3741452991453,497.09967948717946,488.6534188034188,485.35352564102567,467.64957264957263,485.2260683760684,NOVO CRUZEIRO,0.9801255230125524,0
3145604,MG,1900,522.6454736842105,530.9398421052631,515.7994736842105,534.608,559.1894736842105,532.6364526315789,OLIVEIRA,1.891477547078706,2
3145901,MG,1560,537.0517307692307,550.0064743589743,532.9960256410257,554.0657692307692,563.6025641025641,547.5445128205128,OURO BRANCO,2.253698224852071,2
3146008,MG,618,525.3509708737864,539.2276699029127,527.3812297734628,550.4247572815534,554.0453074433657,539.2859870550162,OURO FINO,1.9849056603773585,2
3146107,MG,3258,527.3329957028852,540.6849600982198,525.2617863720074,536.490423572744,550.5402087170042,536.0620748925721,OURO PRETO,2.0110766504209128,2
3146305,MG,527,493.80379506641367,503.011385199241,492.0005692599621,492.8829222011385,491.4990512333966,494.6395445920304,PADRE PARAÍSO,1.034,1
3147006,MG,2212,516.7372061482821,521.972287522604,509.4392857142857,523.2726039783001,525.877034358047,519.4596835443039,PARACATU,1.9650651465798048,2
3147105,MG,2733,526.2182949140139,535.5671057446029,520.2241492864983,548.9610318331504,559.8390047566777,538.1619173069886,PARÁ DE MINAS,2.0417474383827194,2
3147402,MG,843,515.3379596678529,519.6223013048635,508.83819691577696,528.8499406880189,549.9169632265717,524.5130723606169,PARAOPEBA,1.6155387355298307,2
3147907,MG,3610,524.0291689750693,535.1787811634349,522.065512465374,543.1401939058172,564.7091412742383,537.8245595567868,PASSOS,2.118509400179051,2
3148004,MG,4328,536.9256700554528,546.2038123844732,528.6438308687616,557.8266866913124,582.902033271719,550.5004066543438,PATOS DE MINAS,2.243251349730054,2
3148103,MG,2162,521.4358926919518,533.3593894542091,518.949861239593,536.0976410730805,563.413506012951,534.651258094357,PATROCÍNIO,2.0397895125553918,2
3149309,MG,1591,520.3419233186675,529.2507856693903,521.5404776869893,532.0096794468888,532.5329981143934,527.1351728472658,PEDRO LEOPOLDO,2.0093054925102134,2
3150802,MG,607,519.2759472817133,539.4146622734761,511.2741350906096,543.5461285008237,548.500823723229,532.4023393739703,PIRANGA,1.398766328011611,2
3151206,MG,1912,509.8946652719665,517.7837343096235,508.80862970711297,510.6014121338912,516.3179916317991,512.6812866108787,PIRAPORA,1.5768008474576272,1
3151404,MG,666,521.1427927927928,531.4247747747748,522.4660660660661,549.3846846846847,535.5555555555555,531.9947747747748,PITANGUI,2.083904109589041,2
3151503,MG,1216,523.7368421052631,536.2643914473684,519.490625,554.6295230263158,546.0690789473684,536.0380921052631,PIUMHI,1.978173147468819,2
3151800,MG,3495,533.8656938483548,549.635364806867,537.0680114449214,557.7706723891273,570.9585121602289,549.8596509298999,POÇOS DE CALDAS,2.208997238155938,2
3152006,MG,648,505.8314814814815,518.1277777777777,506.6625,523.983024691358,531.574074074074,517.2357716049382,POMPÉU,1.6091248665955176,1
3152105,MG,3250,518.9160307692308,531.1696923076923,514.0332307692307,530.0026769230769,549.4276923076923,528.7098646153847,PONTE NOVA,1.6574882075471695,2
3152204,MG,1375,493.2210181818182,501.0976,491.31781818181815,502.4055272727273,505.1781818181818,498.644029090909,PORTEIRINHA,1.0773883374689823,1
3152501,MG,3890,536.8692802056555,550.9925449871465,536.0545758354756,562.3551413881748,580.0102827763496,553.2563650385604,POUSO ALEGRE,2.131126441515651,2
3154606,MG,5355,503.4055462184874,517.4051914098973,510.422091503268,502.6267040149393,509.7142857142857,508.7147637721755,RIBEIRÃO DAS NEVES,1.6968940176828569,1
3155603,MG,736,485.69252717391305,498.38994565217394,486.8809782608696,497.538179347826,472.7173913043478,488.2438043478261,RIO PARDO DE MINAS,0.945121951219512,0
3156700,MG,2510,510.5399203187251,522.1647410358565,515.3118326693227,513.7095617529881,509.9203187250996,514.3292749003983,SABARÁ,1.8841512469831052,1
3157005,MG,1873,498.61243993593166,507.1693005872931,497.63182060864926,511.64548852108913,506.81260010678056,504.3743299519487,SALINAS,1.271523178807947,1
3157203,MG,1074,522.7663873370577,536.3667597765364,519.0268156424581,539.4743947858473,545.903165735568,532.7075046554935,SANTA BÁRBARA,1.85334291876348,2
3157807,MG,5160,512.9497093023256,526.2525581395349,518.610503875969,519.5880232558139,524.453488372093,520.3708565891473,SANTA LUZIA,1.8624598468000988,2
3158201,MG,570,489.6617543859649,500.0543859649123,492.15263157894736,503.8352631578947,506.35087719298247,498.4109824561403,SANTA MARIA DO SUAÇUÍ,1.1076977401129944,1
3159605,MG,1140,527.2261403508772,542.9161403508772,532.0109649122807,566.6382456140351,562.6491228070175,546.2881228070175,SANTA RITA DO SAPUCAÍ,2.065743944636678,2
3160702,MG,1203,518.768412302577,532.0850374064838,518.5679966749792,533.5128844555278,549.0606816292602,530.3990024937656,SANTOS DUMONT,1.809480122324159,2
3161106,MG,1650,486.6343636363636,493.0691515151515,483.3118787878788,490.81,462.6787878787879,483.30083636363634,SÃO FRANCISCO,0.9901012891344384,0
3162005,MG,583,515.5795883361922,531.1706689536878,516.0442538593481,539.3854202401373,546.2435677530017,529.6846998284734,SÃO GONÇALO DO SAPUCAÍ,1.5977496483825595,2
3162104,MG,1523,518.3938936309914,527.2240315167433,515.1106369008536,538.900656598818,545.134602757715,528.9527642810242,SÃO GOTARDO,2.025947281713344,2
3162500,MG,5750,529.3566434782609,547.638452173913,531.2696000000001,553.7382086956522,587.4886956521739,549.89832,SÃO JOÃO DEL REI,1.877298085457081,2
3162708,MG,742,492.52385444743936,506.3617250673855,494.7199460916442,514.4966307277627,507.8167115902965,503.1837735849056,SÃO JOÃO DO PARAÍSO,1.0521978021978022,1
3162807,MG,1112,506.66061151079134,518.6911870503596,502.3605215827338,516.4854316546763,524.2805755395683,513.6956654676259,SÃO JOÃO EVANGELISTA,1.2132736763609246,1
3162906,MG,829,527.2008443908323,537.110132689988,521.1095295536791,547.093968636912,563.1604342581423,539.1349819059108,SÃO JOÃO NEPOMUCENO,1.7150092081031307,2
3162922,MG,402,508.49303482587067,519.5398009950248,512.6624378109452,519.8455223880596,505.4228855721393,513.1927363184079,SÃO JOAQUIM DE BICAS,1.7182866556836902,1
3162955,MG,760,513.4125,525.1256578947368,517.7992105263158,522.7302631578947,524.1315789473684,520.6398421052631,SÃO JOSÉ DA LAPA,1.9310490693739424,2
3163706,MG,2196,525.2555555555556,542.2253187613843,530.7027322404372,553.7051912568306,558.9344262295082,542.1646448087431,SÃO LOURENÇO,1.8405430711610489,2
3164209,MG,252,482.65436507936505,480.3698412698412,479.2630952380953,476.5837301587302,446.9047619047619,473.1551587301588,SÃO ROMÃO,0.9637883008356546,0
3164704,MG,1897,522.2230363732209,537.9303637322088,524.5980495519241,546.0651027938851,563.8481813389562,538.932946758039,SÃO SEBASTIÃO DO PARAÍSO,1.898648648648649,2
3167103,MG,689,496.1769230769231,505.6242380261248,492.26153846153846,493.5519593613933,482.2641509433962,493.9757619738752,SERRO,1.2676371780515117,1
3167202,MG,6406,532.6266000624414,541.4475179519201,525.8430533874492,544.9027474242897,572.9628473306275,543.5565532313456,SETE LAGOAS,1.8728297632469,2
3168002,MG,979,501.2834525025536,510.0371807967314,499.7634320735445,517.0622063329929,500.38815117466805,505.7068845760981,TAIOBEIRAS,1.2388705688375927,1
3168606,MG,5542,508.07905088415737,521.0049440635149,509.1217250090221,517.345940093829,525.1822446770119,516.1467809455071,TEÓFILO OTONI,1.4478551632726837,1
3168705,MG,2390,527.910920502092,542.7431380753138,527.669288702929,559.3415899581589,580.836820083682,547.7003514644351,TIMÓTEO,2.111418898122499,2
3169307,MG,1956,515.8350715746421,531.3919222903885,518.370654396728,534.6007157464213,527.0143149284254,525.442535787321,TRÊS CORAÇÕES,1.7404580152671756,2
3169356,MG,817,514.8790697674418,520.1304773561811,510.94528763769887,523.063035495716,524.4308445532436,518.6897429620564,TRÊS MARIAS,1.7504432624113475,1
3169406,MG,1314,514.4473363774734,531.2297564687976,517.1691780821918,532.8897260273973,539.9391171993911,527.1350228310503,TRÊS PONTAS,1.770190023752969,2
3169604,MG,467,517.128051391863,519.5406852248394,512.2569593147751,528.9310492505354,542.6552462526766,524.1023982869378,TUPACIGUARA,1.89613309352518,2
3169703,MG,922,510.854338394794,520.090021691974,504.5468546637744,515.3982646420825,508.351409978308,511.8481778741865,TURMALINA,1.1406093906093906,1
3169901,MG,3689,535.3155055570616,545.7640552995392,525.235971808078,559.7186771482786,573.7760910815939,547.9620601789104,UBÁ,1.8399162516976009,2
3170107,MG,8307,533.4939930179366,544.5578187071145,530.340291320573,549.779992777176,567.9764054411942,545.2297002527988,UBERABA,2.221939483667993,2
3170206,MG,18130,534.3217209045781,548.3989630446773,532.81138996139,550.6501378929951,582.4158852730282,549.7196194153337,UBERLÂNDIA,2.302664412782742,2
3170404,MG,2433,503.1286477599671,510.3564323879983,501.2812166050144,504.27357172215375,504.7184545828196,504.7516646115906,UNAÍ,1.6822995461422088,1
3170701,MG,3433,530.3716574424701,545.870579667929,530.6978735799593,554.5911156422953,574.989804835421,547.304206233615,VARGINHA,2.121909866549989,2
3170800,MG,765,506.0103267973856,511.3899346405229,498.2793464052288,512.2073202614379,505.9607843137255,506.7695424836601,VÁRZEA DA PALMA,1.2936018957345972,1
3171006,MG,672,513.6793154761905,523.8282738095238,507.7178571428572,524.0956845238095,553.75,524.6142261904763,VAZANTE,1.7546699875466998,2
3171204,MG,2534,512.0346882399368,527.235319652723,518.1246645619574,522.17454617206,522.880820836622,520.4900078926597,VESPASIANO,1.790966386554622,2
3171303,MG,7065,544.8410898796885,556.7740976645435,530.9903892427459,566.3871620665251,595.1507430997876,558.8286963906581,VIÇOSA,1.8892456795889767,2
3171808,MG,642,498.5313084112149,512.6869158878504,497.7576323987539,509.0934579439252,524.1433021806854,508.442523364486,VIRGINÓPOLIS,1.1895539906103287,1
3172004,MG,952,530.1680672268908,540.709768907563,522.1936974789916,557.9611344537815,571.281512605042,544.4628361344537,VISCONDE DO RIO BRANCO,1.8938784629133156,2
3200102,ES,617,518.9181523500811,530.1690437601296,509.620907617504,533.7294975688817,551.5397082658022,528.7954619124798,AFONSO CLÁUDIO,1.5390932982917214,2
3200169,ES,313,497.6750798722045,508.1587859424921,493.5878594249201,501.2361022364217,478.59424920127793,495.8504153354632,ÁGUA DOCE DO NORTE,1.3523573200992556,1
3200201,ES,1661,522.6723660445515,529.1366646598435,509.1967489464178,524.8579771222155,537.1583383503913,524.6044190246839,ALEGRE,1.6726941747572817,2
3200409,ES,1382,517.4557163531115,528.5542691751085,515.6550651230102,526.2550651230101,543.2416787264833,526.2323589001447,ANCHIETA,1.6476057055527251,2
3200607,ES,2570,523.3210505836577,535.3433852140078,517.8368482490272,536.2777042801556,542.7470817120623,531.105214007782,ARACRUZ,1.964902506963788,2
3200805,ES,661,516.836308623298,520.9653555219364,507.2901664145234,528.1869894099848,517.518910741301,518.1595461422087,BAIXO GUANDU,1.6352601156069364,1
3200904,ES,1115,499.8406278026906,509.2734529147982,496.169596412556,507.5568609865471,520.9147982062781,506.7510672645741,BARRA DE SÃO FRANCISCO,1.5785765895953756,1
3201159,ES,268,509.91641791044776,519.1417910447761,499.30111940298514,518.9981343283582,525.8955223880597,514.6505970149253,BREJETUBA,1.4445288753799392,1
3201209,ES,5037,520.2326980345443,528.7830653166567,515.5724042088546,530.6280722652373,554.8779035139964,530.0188286678579,CACHOEIRO DE ITAPEMIRIM,1.8374340266997824,2
3201308,ES,7994,508.3166374781086,521.6444833625219,510.71033274956216,516.5850637978484,510.6855141356017,513.5884063047286,CARIACICA,1.7228310126060806,1
3201407,ES,949,527.7393045310853,534.1717597471022,514.2683877766069,539.9606954689147,561.7281348788198,535.5736564805057,CASTELO,1.8440812720848057,2
3201506,ES,3718,526.2792899408283,537.0136094674557,518.0417697686928,537.4591984938139,563.4696073157612,536.4526949973103,COLATINA,1.8480122647494184,2
3201605,ES,688,491.9059593023256,499.2181686046511,489.3226744186047,500.1248546511628,492.6744186046512,494.6492151162791,CONCEIÇÃO DA BARRA,1.3109264853977844,1
3201902,ES,899,536.7565072302558,548.7310344827587,525.3046718576196,562.7898776418242,554.8387096774194,545.6841601779755,DOMINGOS MARTINS,1.8270872865275145,2
3202108,ES,529,496.478449905482,501.7056710775047,488.4124763705104,497.0226843100189,486.8809073724008,494.1000378071834,ECOPORANGA,1.371279761904762,1
3202306,ES,729,518.1825788751714,529.1644718792867,509.840877914952,521.1148148148148,527.1330589849108,521.0871604938271,GUAÇUÍ,1.5822332233223322,2
3202405,ES,2670,522.938052434457,531.110861423221,519.4410861423221,532.5437453183521,542.9138576779026,529.7895205992509,GUARAPARI,1.6660526315789477,2
3202801,ES,750,501.2101333333333,507.0358666666667,497.53066666666666,503.6714666666666,490.7466666666666,500.03896,ITAPEMIRIM,1.4794459338695265,1
3203007,ES,1267,524.4702446724547,533.669771112865,511.3289660615628,537.0059194948698,542.620363062352,529.8190528808209,IÚNA,1.5567514677103718,2
3203056,ES,502,515.2069721115538,518.2878486055777,498.8601593625498,515.696015936255,523.1075697211155,514.2317131474103,JAGUARÉ,1.3934720229555235,1
3203130,ES,526,525.4319391634981,534.9349809885931,515.584030418251,536.4365019011407,534.1825095057035,529.3139923954373,JOÃO NEIVA,2.0457492795389047,2
3203205,ES,4223,516.2530428605257,523.7921382903149,511.9101823348331,527.300947193938,542.9410371773621,524.4394695713947,LINHARES,1.836484414920797,2
3203320,ES,904,507.66980088495575,513.6878318584071,507.0136061946902,521.8957964601769,528.6725663716815,515.7879203539823,MARATAÍZES,1.613345864661654,1
3203403,ES,755,511.4072847682119,513.0443708609272,498.1415894039736,514.7462251655629,521.1655629139073,511.7010066225166,MIMOSO DO SUL,1.449443882709808,1
3203502,ES,675,502.930962962963,511.602962962963,496.5142222222222,508.1437037037037,494.1037037037037,502.6591111111112,MONTANHA,1.341647331786543,1
3203908,ES,1674,514.578614097969,523.5519713261649,505.40967741935486,524.8994623655914,522.2102747909199,518.13,NOVA VENÉCIA,1.5710643015521064,1
3204054,ES,639,488.0348982785602,491.8913928012519,487.1701095461659,488.5073552425665,486.63536776212834,488.4478247261346,PEDRO CANÁRIO,1.2813549832026876,0
3204104,ES,604,490.75596026490064,501.2475165562914,493.8942052980132,497.0440397350993,502.6158940397351,497.1115231788079,PINHEIROS,1.2132972322503008,1
3204559,ES,962,521.6976091476091,533.8714137214137,513.40395010395,532.9885654885655,548.3367983367983,530.0596673596674,SANTA MARIA DE JETIBÁ,1.899830220713073,2
3204609,ES,1055,537.0820853080569,543.7332701421801,517.6600947867299,551.1910900473933,569.9526066350711,543.9238293838862,SANTA TERESA,1.8666380789022297,2
3204708,ES,1160,514.235948275862,523.8694827586206,502.6230172413793,521.850948275862,534.3448275862069,519.3848448275862,SÃO GABRIEL DA PALHA,1.5734206989247312,1
3204906,ES,4013,510.0013207077,521.531522551707,507.4396710690256,519.5548965860952,514.9763269374532,514.7007475703962,SÃO MATEUS,1.5459543033842982,1
3205002,ES,11802,511.24285714285713,525.3119047619048,515.3025334689036,521.90058464667,519.5305880359261,518.6576936112523,SERRA,1.7691709551546684,1
3205010,ES,495,496.4256565656566,506.0115151515152,494.690303030303,492.68161616161615,534.6262626262626,504.8870707070708,SOORETAMA,1.4081284153005464,1
3205069,ES,1272,531.6607704402516,544.4747641509434,521.0470911949685,546.5329402515723,569.7955974842768,542.7022327044025,VENDA NOVA DO IMIGRANTE,1.7822420634920637,2
3205101,ES,1309,499.8611917494271,511.6502673796791,500.66088617265086,501.4757066462949,491.93277310924367,501.1161650114591,VIANA,1.5824363992172212,1
3205200,ES,11650,535.1492961373391,548.9155450643776,533.1446866952789,552.9216652360516,561.5244635193133,546.3311313304721,VILA VELHA,2.0663439635535306,2
3205309,ES,12995,544.4668410927279,558.6537206617929,540.2242247018083,567.6922123893805,579.9892266256253,558.205245094267,VITÓRIA,2.211227105082203,2
3300100,RJ,2462,509.6229082047117,527.2882209585703,516.9277822908205,518.4682778229081,537.7985377741674,522.0211454102356,ANGRA DOS REIS,1.98913371566556,2
3300209,RJ,2315,516.0514470842332,529.520950323974,518.071576673866,525.5748596112311,550.5572354211663,527.9552138228942,ARARUAMA,1.7201354679802956,2
3300308,RJ,1297,524.5425597532768,542.9080185042405,529.4700077101002,536.4781804163454,574.9267540478027,541.6651040863532,BARRA DO PIRAÍ,1.839515186915888,2
3300407,RJ,3020,521.4770529801324,541.9604304635761,526.4086754966887,538.2676490066225,566.0198675496689,538.8267350993377,BARRA MANSA,1.901957208849988,2
3300456,RJ,4645,494.5385145317546,506.6890850376749,504.1074273412272,497.6105274488697,512.2411194833154,503.0373347685683,BELFORD ROXO,1.4811115640712054,1
3300605,RJ,1319,524.0167551175133,532.5438210765732,514.4519332827899,530.186959818044,538.3017437452615,527.9002426080364,BOM JESUS DO ITABAPOANA,1.7595074812967582,2
3300704,RJ,4022,518.8378170064644,534.8011188463452,526.2415216310293,535.4794132272501,566.921929388364,536.4563600198906,CABO FRIO,2.069490131578948,2
3300803,RJ,1044,510.39932950191576,525.382662835249,513.5294061302682,516.1884099616858,547.5478927203065,522.609540229885,CACHOEIRAS DE MACACU,1.6078326180257512,2
3301009,RJ,7895,522.8509056364787,531.0276124129196,520.8246485117163,533.347764407853,546.2165927802406,530.8535047498417,CAMPOS DOS GOYTACAZES,1.8661338661338664,2
3301306,RJ,548,513.843795620438,527.6697080291971,518.4069343065694,531.7828467153284,538.029197080292,525.9464963503649,CASIMIRO DE ABREU,1.7493103448275862,2
3301702,RJ,15970,502.96477770820286,515.3057608015029,512.3825109580464,509.5033625547903,529.0093926111459,513.8331609267377,DUQUE DE CAXIAS,1.6259284125718605,1
3301850,RJ,725,507.4564137931035,524.3376551724137,515.888275862069,513.0620689655173,524.4965517241379,517.0481931034483,GUAPIMIRIM,1.558550185873606,1
3301876,RJ,568,509.9834507042253,523.7151408450704,516.787323943662,515.4836267605634,535.7042253521126,520.3347535211267,IGUABA GRANDE,1.9270428015564205,1
3301900,RJ,4044,502.803684470821,515.471018793274,509.228684470821,506.67223046488624,534.4362017804154,513.7223639960436,ITABORAÍ,1.623460485802258,1
3302007,RJ,2500,505.08336,519.0299200000001,513.63364,510.87352,516.072,512.938488,ITAGUAÍ,1.6962832338578404,1
3302106,RJ,923,516.7154929577465,522.2176598049838,505.948429035753,523.8482123510292,548.5373781148429,523.4534344528711,ITAOCARA,1.5798192771084338,2
3302205,RJ,2589,528.4963306295867,536.2624179219775,520.613750482812,539.4568173039784,563.731170336037,537.7120973348783,ITAPERUNA,1.9123122653316649,2
3302270,RJ,1337,487.8417352281227,496.303664921466,492.702842183994,487.5528047868362,483.36574420344056,489.5533582647719,JAPERI,1.3549192015209126,0
3302403,RJ,5065,522.4725370187562,536.2980454096743,525.4484106614018,537.44,555.395853899309,535.4109693978282,MACAÉ,2.150365764447696,2
3302502,RJ,3724,504.1309344790548,516.6035177228787,509.1501879699248,504.750537056928,522.3684210526316,511.4007196562836,MAGÉ,1.6086937256292095,1
3302601,RJ,501,503.4532934131736,520.3872255489022,512.8986027944112,516.6111776447106,511.6167664670659,512.9934131736527,MANGARATIBA,1.9417344173441733,1
3302700,RJ,2844,521.7860759493672,540.1019338959212,527.8417369901547,537.6254922644163,555.070323488045,536.4851125175808,MARICÁ,2.0513218235770165,2
3302858,RJ,2563,502.13105735466246,519.1024580569646,513.8699960983223,513.6936012485369,515.1072961373391,512.780881779165,MESQUITA,1.7051233155352148,1
3302908,RJ,905,511.0495027624309,528.9145856353591,519.9616574585635,531.3222099447513,551.6243093922652,528.5744530386739,MIGUEL PEREIRA,1.6303643724696355,2
3303005,RJ,776,507.60064432989685,519.2730670103093,511.73427835051547,517.985824742268,556.2371134020618,522.5661855670103,MIRACEMA,1.568181818181818,2
3303203,RJ,4696,509.10811328790464,527.6326448040886,522.2063032367972,524.9537478705281,543.828790459966,525.5459199318568,NILÓPOLIS,1.9080611944689612,2
3303302,RJ,14024,544.3976825442099,564.8865658870508,546.8930761551626,577.1284797490017,605.0199657729606,567.6651540216772,NITERÓI,2.445593000648088,2
3303401,RJ,4283,536.4724258697174,555.5439878589773,537.776371702078,557.9672892832127,601.9238851272472,557.9367919682466,NOVA FRIBURGO,2.0262632314759337,2
3303500,RJ,13708,505.78741610738257,520.0933104756347,514.0588780274292,513.2872775021885,527.4073533702947,516.1268470965861,NOVA IGUAÇU,1.710569347405976,1
3303609,RJ,1021,517.7665034280117,526.8070519098923,518.1389813907933,525.2908912830558,548.5210577864839,527.3048971596475,PARACAMBI,1.7976673427991887,2
3303708,RJ,923,511.7131094257855,521.4177681473456,513.9797399783315,516.5435536294691,545.4604550379198,521.8229252437703,PARAÍBA DO SUL,1.6729848363926576,2
3303807,RJ,857,517.9717619603267,536.9777129521588,523.5992998833138,531.9318553092181,534.5390898483081,529.0039439906652,PARATY,2.1364942528735638,2
3303906,RJ,5121,530.5829525483304,548.9919937512204,534.3220464752978,549.0358328451474,567.7172427260301,546.1300136692053,PETRÓPOLIS,2.0405405405405403,2
3304144,RJ,2803,496.551623260792,512.0785943631823,508.2541205850874,501.0804851944346,513.4356047092401,506.2800856225473,QUEIMADOS,1.5027427637721755,1
3304151,RJ,441,510.23038548752834,522.0739229024944,510.866439909297,517.118820861678,529.342403628118,517.9263945578232,QUISSAMÃ,1.8413685847589425,1
3304201,RJ,3152,527.6354378172589,544.2151015228426,530.1369923857868,550.4171319796955,555.3045685279188,541.5418464467006,RESENDE,1.9948763250883392,2
3304300,RJ,2084,507.2036468330134,520.344961612284,510.0311900191938,515.6813819577735,539.1074856046065,518.4737332053743,RIO BONITO,1.6398049645390071,1
3304524,RJ,4155,520.7917208182912,536.3580986762936,528.5972081829121,536.6746089049338,548.0144404332129,534.0872154031288,RIO DAS OSTRAS,1.9901823281907436,2
3304557,RJ,113624,530.4608330986412,551.4348861156094,539.1056000492854,557.3266457790608,567.9796521861579,549.261523445751,RIO DE JANEIRO,2.1834487808602345,2
3304706,RJ,1344,511.3203869047619,525.3787202380952,511.95044642857147,527.292931547619,548.1696428571429,524.822425595238,SANTO ANTÔNIO DE PÁDUA,1.602203856749311,2
3304755,RJ,504,513.3109126984127,519.5484126984127,507.1073412698413,509.32936507936506,539.8412698412699,517.8274603174603,SÃO FRANCISCO DE ITABAPOANA,1.161885245901639,1
3304805,RJ,785,509.6118471337579,522.8980891719746,510.4540127388535,519.7052229299363,524.4585987261147,517.4255541401274,SÃO FIDÉLIS,1.745231607629428,1
3304904,RJ,16492,510.56059907834106,529.1281651709919,520.592384186272,521.7166080523891,546.2612175600291,525.6517948096047,SÃO GONÇALO,1.830744128326516,2
3305109,RJ,7570,502.3871598414795,519.6188639365918,514.5558256274769,514.2501585204756,533.2285336856011,516.808108322325,SÃO JOÃO DE MERITI,1.6616794094384393,1
3305208,RJ,1230,517.0,530.5733333333333,524.4492682926829,535.7527642276423,549.7723577235772,531.5095447154472,SÃO PEDRO DA ALDEIA,2.119211686879824,2
3305505,RJ,1452,513.5378099173554,527.8183195592286,519.7633608815427,526.1470385674932,539.8622589531681,525.4257575757576,SAQUAREMA,1.7104616895874265,2
3305554,RJ,2948,503.9424355495251,517.2959633649932,511.4768656716418,509.5469810040706,517.3948439620082,511.9314179104478,SEROPÉDICA,1.5866704161979752,1
3305802,RJ,2767,529.0757860498735,549.4824358511022,535.9881821467293,550.9702204553669,576.3498373689916,548.3732923744127,TERESÓPOLIS,2.1530230469919185,2
3306008,RJ,2516,514.0114069952305,529.0289745627981,518.3212639109698,523.1989666136725,546.2877583465819,526.1696740858505,TRÊS RIOS,1.7717161016949152,2
3306107,RJ,1486,517.6615746971736,533.0493943472409,522.6339838492597,527.7773216689098,541.3862718707941,528.5017092866757,VALENÇA,1.692846034214619,2
3306206,RJ,1043,518.8240651965484,532.5866730584852,522.6200383509108,533.6893576222435,541.9750719079578,529.9390412272292,VASSOURAS,1.8008992805755395,2
3306305,RJ,6284,530.1507320178231,549.4841820496499,534.0030872056016,553.4315881604074,578.7842138765118,549.1707606619987,VOLTA REDONDA,2.122729445506692,2
3500105,SP,701,528.2427960057062,539.0577746077033,522.5359486447932,540.2524964336662,534.9500713266762,533.007817403709,ADAMANTINA,2.5230637813211847,2
3500709,SP,535,526.4452336448599,546.7218691588786,531.7822429906543,536.9794392523364,540.9345794392524,536.5726728971963,AGUDOS,2.3462566844919786,2
3501608,SP,3738,542.4813536650615,557.9234082397004,543.3634831460674,570.1288657035849,562.8089887640449,555.3412199036918,AMERICANA,2.980054774946416,2
3501905,SP,1591,532.3854179761156,549.3228158390949,535.0778126964174,559.3847894406034,561.4707730986801,547.5283218101823,AMPARO,2.5863200403836446,2
3502101,SP,1608,514.0696517412936,524.9633706467662,518.110012437811,525.6151741293532,539.5149253731344,524.4546268656716,ANDRADINA,2.148482469911041,2
3502507,SP,736,513.1222826086956,534.6111413043478,527.0580163043478,536.9203804347826,536.6847826086956,529.6793206521738,APARECIDA,2.044289568345324,2
3502705,SP,590,498.6101694915254,521.7361016949152,514.042033898305,511.4257627118644,519.5593220338983,513.0746779661017,APIAÍ,1.6660919540229886,1
3502804,SP,3604,528.4187569367369,540.1656770255272,530.7875138734739,546.4660654827969,554.3840177580466,540.0444062153163,ARAÇATUBA,2.330391061452514,2
3502903,SP,604,506.7150662251656,527.0579470198676,523.0960264900663,523.9687086092715,509.1059602649007,517.9887417218544,ARAÇOIABA DA SERRA,2.072390572390572,1
3503208,SP,5311,537.6883072867633,551.1987761250235,539.7703633967237,553.1839578233854,561.8753530408586,548.7433515345509,ARARAQUARA,2.3830132832803925,2
3503307,SP,2116,538.291965973535,550.60713610586,538.5015122873345,559.3697542533081,559.4328922495274,549.2406521739131,ARARAS,2.4960908413998517,2
3503802,SP,1468,512.749863760218,532.3262261580381,524.6710490463215,535.2066076294278,534.9863760217984,527.9880245231607,ARTUR NOGUEIRA,2.0565582104728013,2
3503901,SP,2376,508.6869528619528,524.2706228956229,520.1793771043771,516.8444865319865,512.003367003367,516.3969612794614,ARUJÁ,1.954932218055956,1
3504008,SP,2242,525.4541926851026,538.364005352364,531.7534344335414,540.7798394290811,540.8206958073149,535.4344335414808,ASSIS,2.26671511627907,2
3504107,SP,3261,525.988745783502,544.4005213124809,534.0206685065931,548.1027292241644,547.605029132168,540.0235387917817,ATIBAIA,2.3365447066464604,2
3504206,SP,493,512.9922920892495,532.5377281947261,519.1505070993915,533.0689655172414,545.3549695740365,528.6208924949291,AURIFLAMA,2.001315789473684,2
3504503,SP,1673,528.8722056186491,540.4812910938433,530.5915720263,546.9338912133892,555.5648535564853,540.4887627017333,AVARÉ,2.3826914044152185,2
3505302,SP,895,526.3210055865922,539.8827932960894,530.6327374301676,541.1360893854749,554.3240223463687,538.4593296089386,BARRA BONITA,2.279982743744608,2
3505401,SP,106,491.45188679245285,495.39528301886793,497.0745283018868,475.5877358490566,470.7547169811321,486.0528301886792,BARRA DO TURVO,1.1271186440677967,0
3505500,SP,2488,524.7204180064308,532.7209807073955,519.9671221864952,533.1600884244373,533.9630225080385,528.9063263665595,BARRETOS,2.2703115455100797,2
3505609,SP,579,501.2754749568221,512.2887737478411,505.567530224525,503.7485319516408,500.5181347150259,504.679689119171,BARRINHA,1.873617256637168,1
3505708,SP,6069,515.3983852364474,533.638836711155,529.7689734717417,531.9813643104301,533.9561707035756,528.94874608667,BARUERI,2.061057375247307,2
3505906,SP,1691,526.4795387344767,538.6127735068006,528.070490833826,541.8649911295091,548.5748078060319,536.720520402129,BATATAIS,2.3198602794411176,2
3506003,SP,6693,533.7085014193934,548.2981772000597,537.5488420738085,550.9405199462125,549.9267891827283,544.0845659644405,BAURU,2.4589451427228943,2
3506102,SP,1770,532.4187570621468,539.7854237288135,526.2477966101695,548.3163276836158,555.0282485875706,540.3593107344633,BEBEDOURO,2.361462728551336,2
3506359,SP,958,496.98768267223386,513.0406054279749,513.693841336117,505.0205636743215,499.0814196242171,505.5648225469728,BERTIOGA,1.943909153475568,1
3506508,SP,2258,518.0585031000886,535.3252878653676,525.941186891054,543.2236492471213,539.0345438441099,532.3166341895483,BIRIGUI,2.232684355616816,2
3507001,SP,988,520.2208502024291,532.79504048583,528.2622469635627,535.0795546558704,522.9757085020243,527.8666801619433,BOITUVA,2.3076923076923075,2
3507506,SP,2758,546.0896664249457,557.6969905728789,541.458049311095,563.6209572153734,572.5815808556926,556.2894488759972,BOTUCATU,2.596321321321321,2
3507605,SP,3848,523.3080821205821,538.10408004158,529.1027806652806,549.5466995841996,541.3617463617463,536.2846777546778,BRAGANÇA PAULISTA,2.273016870064609,2
3508405,SP,720,499.5518055555555,515.0143055555556,512.1113888888889,511.8355555555555,511.5833333333333,510.01927777777775,CABREÚVA,2.230534709193246,1
3508504,SP,1430,519.755944055944,542.0806993006993,533.2122377622378,542.2030069930071,538.6853146853147,535.1874405594406,CAÇAPAVA,2.472130242825607,2
3508603,SP,493,529.3963488843814,544.1152129817444,530.0239350912778,546.4150101419878,555.131845841785,541.0164705882353,CACHOEIRA PAULISTA,2.34789391575663,2
3509007,SP,2765,506.35801084990953,523.3616998191682,521.4231464737794,518.0760216998192,514.3508137432189,516.7139385171791,CAIEIRAS,2.039805133079848,1
3509205,SP,1488,503.93756720430105,522.6346102150538,518.1716397849463,510.7391801075269,525.8333333333334,516.2632661290323,CAJAMAR,2.101082251082251,1
3509254,SP,475,500.2202105263158,519.0294736842105,515.7006315789473,518.262947368421,503.62105263157895,511.3668631578947,CAJATI,1.9482394366197184,1
3509403,SP,480,509.8147916666667,526.9502083333333,515.9131249999999,524.9152083333333,529.0416666666666,521.327,CAJURU,2.019360269360269,2
3509502,SP,18501,537.9415599156803,552.230090265391,540.8328901140479,560.9256526674234,556.0985892654451,549.6057564455975,CAMPINAS,2.5486048216673134,2
3509601,SP,1383,508.9775126536515,527.7155459146783,522.0612436731742,522.6723065798988,511.3955169920463,518.5644251626898,CAMPO LIMPO PAULISTA,2.2807486631016043,2
3509700,SP,993,521.5627391742195,542.1335347432024,531.5065458207453,541.1033232628398,550.5740181268882,537.376032225579,CAMPOS DO JORDÃO,2.058563748079877,2
3510005,SP,427,524.743325526932,530.963231850117,526.7690866510538,534.8259953161593,540.0936768149883,531.4790632318501,CÂNDIDO MOTA,2.17919921875,2
3510203,SP,923,500.8668472372697,524.4,519.0005417118093,521.1911159263273,521.5384615384615,517.3993932827735,CAPÃO BONITO,1.7464472700074791,1
3510401,SP,1023,526.0613880742914,540.0785923753666,527.674193548387,539.2935483870968,545.2199413489736,535.6655327468231,CAPIVARI,2.526391901663051,2
3510500,SP,2045,510.88136919315406,532.218630806846,527.3964303178484,531.6688997555012,507.92176039119806,522.0174180929096,CARAGUATATUBA,1.9423377028714108,2
3510609,SP,6683,495.7010175071076,515.4789016908574,515.1503217118061,501.4562920843932,504.3064491994613,506.4185964387251,CARAPICUÍBA,1.8725994670587156,1
3510807,SP,439,519.5296127562642,528.4578587699317,523.0077448747153,538.5496583143507,538.5876993166287,529.6265148063782,CASA BRANCA,2.291245791245791,2
3511102,SP,2497,537.6721665999198,549.8193832599119,536.0323988786544,557.9831397677212,571.6539847817381,550.6322146575891,CATANDUVA,2.5921052631578947,2
3511409,SP,399,516.7508771929824,532.4245614035087,525.1734335839599,537.6814536340852,513.734335839599,525.1529323308271,CERQUEIRA CÉSAR,2.2016695957820738,2
3511508,SP,780,529.4921794871796,544.8296153846154,535.0944871794871,551.6615384615385,532.2051282051282,538.6565897435897,CERQUILHO,2.611280487804878,2
3512803,SP,1132,517.9975265017667,535.9009717314487,527.6391342756184,534.4416961130742,524.6289752650176,528.1216607773852,COSMÓPOLIS,2.375964010282776,2
3513009,SP,5066,518.7956770627713,536.8811093564943,529.2407027240426,533.9157915515199,537.4891433083301,531.2644848006317,COTIA,2.225044300059067,2
3513405,SP,1437,530.3030619345859,547.5823938761308,532.6634655532359,551.0319415448852,554.8503827418233,543.2862491301323,CRUZEIRO,2.1564625850340136,2
3513504,SP,2131,506.415297982168,526.3773815110277,522.545753167527,519.8471140309714,518.6579070858752,518.7686907555138,CUBATÃO,1.9861660079051384,1
3513801,SP,9002,502.8728282603866,522.6315152188403,520.0726838480338,513.4523661408576,512.8682514996667,514.379528993557,DIADEMA,1.9114388635900224,1
3514403,SP,1454,520.0945667125172,533.6444291609354,521.9233149931224,543.5834250343879,542.9298486932599,532.4351169188445,DRACENA,2.2873529411764704,2
3514809,SP,246,488.2613821138211,501.4089430894309,496.6219512195122,498.700406504065,487.3170731707317,494.4619512195122,ELDORADO,1.4848484848484849,1
3515004,SP,4266,496.9357008907642,516.9737927801219,514.1558837318331,499.3819971870605,514.5241443975622,508.3943037974684,EMBU DAS ARTES,1.773792663928622,1
3515103,SP,1844,500.1092190889371,517.0443600867679,513.3331344902386,512.2286334056399,503.2863340563992,509.2003362255965,EMBU-GUAÇU,1.7300807300807302,1
3515186,SP,639,531.8486697965571,555.6179968701096,538.2147104851331,558.6546165884193,568.0438184663536,550.4759624413146,ESPÍRITO SANTO DO PINHAL,2.470192307692308,2
3515509,SP,1446,530.9560165975104,543.1761410788381,531.0530428769017,551.1184647302905,561.7150760719226,543.6037482710926,FERNANDÓPOLIS,2.369138335287221,2
3515707,SP,4204,496.3623691722169,512.6969077069457,513.4417459562321,501.5052806850619,498.9153187440533,504.584324452902,FERRAZ DE VASCONCELOS,1.755275745638717,1
3516200,SP,8410,521.2191438763377,535.6267657550535,526.4071938168846,539.5615338882283,567.5957193816885,538.0820713436385,FRANCA,2.298450508788159,2
3516309,SP,2951,490.8700440528634,510.8652321247035,508.7003049813623,494.0501863774992,491.94849203659777,499.2868519146052,FRANCISCO MORATO,1.6047317362898437,1
3516408,SP,2541,497.05765446674536,515.5648957103502,513.5866194411649,502.12707595434864,505.383707201889,506.74399055489965,FRANCO DA ROCHA,1.8234055354993983,1
3516705,SP,843,516.3110320284698,530.326453143535,520.5416370106761,527.5965599051009,551.0794780545671,529.1710320284698,GARÇA,2.113491340018232,2
3517406,SP,481,535.2970893970894,543.4700623700624,529.9632016632016,550.5126819126818,562.8274428274428,544.4140956340956,GUAÍRA,2.4484902309058616,2
3518206,SP,594,529.2469696969697,540.8705387205387,529.9991582491582,546.4195286195286,554.6127946127946,540.2297979797979,GUARARAPES,2.3867127496159752,2
3518404,SP,1806,539.2853820598007,557.0351052048727,542.0573643410853,568.9610741971206,577.3532668881506,556.938438538206,GUARATINGUETÁ,2.529121110176619,2
3518701,SP,4440,501.2643468468469,517.2014414414414,516.9885585585586,508.9472072072072,507.5180180180181,510.3839144144145,GUARUJÁ,1.9560617193240264,1
3518800,SP,21806,509.9770292580024,529.8418416949463,523.9880629184628,525.7348894799596,528.5747042098506,523.6233055122443,GUARULHOS,2.069215095946233,2
3519071,SP,3582,509.3493299832496,527.5727247347851,525.1115857063093,523.6907872696817,526.0413176996092,522.3531490787269,HORTOLÂNDIA,2.246808111152835,2
3519303,SP,638,502.5278996865204,521.3324451410658,516.7177115987461,525.1884012539185,517.4608150470219,516.6454545454546,IBATÉ,2.1096887550200805,1
3519600,SP,990,518.9562626262626,535.2872727272728,527.8318181818182,543.409494949495,553.4343434343434,535.7838383838385,IBITINGA,2.264060092449923,2
3519709,SP,1192,509.2994966442953,526.6796140939597,517.8666946308724,523.3026845637585,528.9429530201343,521.2182885906041,IBIÚNA,1.8864915572232648,2
3520301,SP,627,506.5515151515151,530.6585326953748,520.7457735247209,519.2942583732057,517.9266347687401,519.0353429027112,IGUAPE,1.6241610738255037,2
3520400,SP,394,506.1137055837563,525.7355329949238,521.2027918781725,517.4621827411167,497.51269035532994,513.6053807106598,ILHABELA,2.0416,1
3520442,SP,660,536.3525757575758,547.8263636363637,535.8198484848484,551.7212121212121,533.3030303030303,541.0046060606061,ILHA SOLTEIRA,2.513583441138422,2
3520509,SP,3882,531.211514683153,549.7102782071097,539.1210973724884,556.1807573415765,558.6347243688821,546.9716743946418,INDAIATUBA,2.7787304452466906,2
3521804,SP,685,511.4160583941606,531.2591240875912,523.1394160583942,526.7518248175182,521.2262773722628,522.7585401459854,ITAÍ,2.0109947643979056,2
3522109,SP,1779,504.3337830241709,519.4560989319842,518.8783024170882,515.1586846543001,510.3204047217538,513.6294547498594,ITANHAÉM,1.7447817836812145,1
3522208,SP,3641,500.4485031584729,523.2299642955232,518.7961823674815,509.3305959901126,513.8808019774788,513.1372095578138,ITAPECERICA DA SERRA,1.7798418636286346,1
3522307,SP,3065,517.8579445350734,535.9429037520391,528.5613376835237,538.054942903752,525.6965742251224,529.2227406199021,ITAPETININGA,2.219302272205646,2
3522406,SP,3025,500.2056859504132,518.9712396694215,513.8453884297521,518.8243636363636,511.09421487603305,512.5881785123968,ITAPEVA,1.6538763163791173,1
3522505,SP,3714,491.68812600969306,509.3492460958536,510.30099623047926,497.27326332794826,495.7996768982229,500.8822617124394,ITAPEVI,1.783743042671614,1
3522604,SP,1070,536.968785046729,552.6705607476636,539.9108411214953,557.0514018691589,563.3271028037383,549.9857383177571,ITAPIRA,2.633411580594679,2
3522703,SP,713,526.4840112201963,534.4659186535764,525.5431977559607,543.3691444600281,547.461430575035,535.4647405329594,ITÁPOLIS,2.1065140845070425,2
3523107,SP,5085,493.3380530973452,509.1538643067847,509.9127040314651,497.431465093412,493.3097345132744,500.62916420845625,ITAQUAQUECETUBA,1.6680737422467264,1
3523206,SP,1406,503.08001422475104,523.7591749644381,516.2969416785206,512.9927453769559,516.1166429587482,514.4491038406828,ITARARÉ,1.8386236668359568,1
3523404,SP,2084,528.3442418426104,540.6256238003839,531.2787907869482,549.1780230326295,542.9462571976967,538.4745873320537,ITATIBA,2.5831469052945564,2
3523909,SP,2409,524.418098796181,544.5010792860108,535.0511415525114,546.358696554587,548.8169364881694,539.829190535492,ITU,2.427869372225745,2
3524006,SP,773,517.4913324708926,532.9523932729625,523.7534282018112,533.8836998706339,529.4437257438551,527.504915912031,ITUPEVA,2.679970617042116,2
3524105,SP,1886,518.1286320254507,524.3691940615058,514.4705196182397,528.0816542948038,556.9883351007423,528.4076670201486,ITUVERAVA,2.0839400428265527,2
3524303,SP,2085,524.552278177458,536.1402877697842,524.7469064748202,544.0577458033573,552.3069544364508,536.360834532374,JABOTICABAL,2.2456896551724137,2
3524402,SP,4461,520.5698498094598,537.953261600538,529.6891279982067,541.9001344989913,538.8029589778076,533.7830665770007,JACAREÍ,2.1394194041252863,2
3524709,SP,1426,525.1119214586255,539.2659186535764,530.512762973352,542.1004207573632,536.6479663394109,534.7277980364655,JAGUARIÚNA,2.684438040345821,2
3524808,SP,1358,525.5243740795287,537.921649484536,525.1014727540501,552.2880706921944,572.7982326951399,542.7267599410898,JALES,2.285918513223731,2
3525003,SP,2054,496.5145082765336,516.8423076923077,517.1314021421616,506.1691333982473,508.666017526777,509.0646738072054,JANDIRA,1.9516448370392931,1
3525102,SP,555,530.2266666666667,533.4790990990991,523.4299099099098,538.1127927927928,539.8198198198198,533.0136576576576,JARDINÓPOLIS,2.284505208333333,2
3525300,SP,3754,530.6666755460842,545.6902237613212,532.9467767714438,552.8647575919019,556.6169419286094,543.7570751198721,JAÚ,2.4874664279319605,2
3525706,SP,945,522.3794708994709,530.1430687830688,517.9078306878307,534.3500529100529,524.4867724867725,525.8534391534391,JOSÉ BONIFÁCIO,2.2311937857726902,2
3525904,SP,6510,540.9024116743471,557.0269278033794,542.8331490015361,569.3722887864824,571.1182795698925,556.2506113671275,JUNDIAÍ,2.9179355281207133,2
3526209,SP,827,499.09709794437725,522.8235792019346,508.9418379685611,516.2176541717049,502.73276904474,509.9625876662636,JUQUITIBA,1.5566265060240965,1
3526704,SP,1207,524.4937862468931,540.8816901408451,532.8966859983431,545.2335542667771,537.3819386909694,536.1775310687656,LEME,2.2044883866917764,2
3526803,SP,964,528.0140041493776,540.1173236514522,528.7534232365145,552.0297717842324,544.792531120332,538.7414107883817,LENÇÓIS PAULISTA,2.685334872979215,2
3526902,SP,5011,534.1477150269408,547.799421273199,537.325543803632,558.4696268209938,558.4035122729994,547.2291638395529,LIMEIRA,2.649775992584582,2
3527108,SP,1513,514.3168539325843,526.3233972240582,520.8006609385327,526.0300066093854,535.2676801057502,524.5477197620621,LINS,2.1998119417019275,2
3527207,SP,1436,533.8393454038998,544.5316155988858,535.6902506963788,549.3075905292479,565.1671309192201,545.7071866295265,LORENA,2.2312206572769955,2
3527306,SP,635,520.0532283464566,540.964094488189,525.9014173228347,542.4499212598425,537.8267716535433,533.4390866141732,LOUVEIRA,2.560710194730813,2
3528403,SP,1002,519.6756487025948,532.872754491018,528.2378243512975,535.7594810379242,537.1656686626746,530.7422754491018,MAIRINQUE,2.3077702702702703,2
3528502,SP,1378,509.8236574746009,528.4383164005806,525.2640058055152,522.9566763425254,506.77793904209,518.6521190130625,MAIRIPORÃ,2.008642602948653,2
3529005,SP,5362,528.6816859380829,541.8536926519955,531.9243938828795,553.1160201417382,581.9358448340172,547.5023274897427,MARÍLIA,2.392841229763849,2
3529203,SP,563,500.4255772646536,509.29698046181176,503.6463587921848,514.9536412078153,520.9591474245116,509.8563410301954,MARTINÓPOLIS,1.880449141347424,1
3529302,SP,1351,535.2907475943746,542.2219837157661,534.4046632124353,552.5837157660992,551.961509992598,543.2925240562547,MATÃO,2.4499178981937604,2
3529401,SP,6982,506.7815525637353,526.1267401890576,522.9997421942137,518.1417645373818,523.6006874820969,519.5300973932971,MAUÁ,2.074990546417092,2
3529906,SP,378,489.1441798941799,504.0,502.5902116402116,508.7206349206349,496.8253968253968,500.2560846560847,MIRACATU,1.4178200692041525,1
3530102,SP,548,526.9905109489051,538.8058394160583,524.9419708029197,538.7428832116788,546.9343065693431,535.283102189781,MIRANDÓPOLIS,2.5756,2
3530201,SP,915,490.1315846994536,501.7530054644809,496.251912568306,503.2695081967213,488.8743169398907,496.0560655737705,MIRANTE DO PARANAPANEMA,1.3922594142259417,1
3530300,SP,993,529.6942598187311,544.4699899295065,530.1366565961731,548.645921450151,550.8761329305136,540.7645921450151,MIRASSOL,2.6301671064204046,2
3530508,SP,1209,536.2532671629446,545.8630272952854,533.9670802315964,555.412076095947,576.1124896608768,549.52158808933,MOCOCA,2.3950151057401814,2
3530607,SP,9449,517.5702719864536,533.3835114826966,529.2234733834267,538.5326277913007,536.2874378241083,530.9994644935972,MOGI DAS CRUZES,2.195226766940373,2
3530706,SP,1859,536.7131791285638,551.203442711135,539.1394835933298,560.136740182894,565.5406132329209,550.5466917697687,MOGI GUAÇU,2.6231178033658105,2
3530805,SP,1359,532.088888888889,549.2971302428257,537.6239882266373,561.0691685062546,558.1751287711553,547.6508609271524,MOGI MIRIM,2.712590144230769,2
3531100,SP,835,503.1234730538922,523.308502994012,522.5560479041916,518.048622754491,515.5449101796407,516.5163113772455,MONGAGUÁ,1.7055808656036446,1
3531308,SP,807,538.0525402726147,550.1942998760843,533.0938042131351,555.7754646840149,564.3866171003717,548.3005452292442,MONTE ALTO,2.42964824120603,2
3531407,SP,644,530.048602484472,537.4830745341615,522.3195652173913,544.2113354037267,558.8198757763976,538.5764906832298,MONTE APRAZÍVEL,2.4272727272727272,2
3531803,SP,889,506.1609673790776,522.5717660292463,518.3368953880765,523.0688413948257,509.3588301462317,515.8994600674916,MONTE MOR,2.1604820198928847,1
3533403,SP,834,521.2697841726618,540.8721822541967,534.3967625899281,546.9016786570743,533.189448441247,535.3259712230216,NOVA ODESSA,2.781422018348624,2
3533502,SP,644,527.1265527950311,535.6638198757764,529.6633540372671,560.1759316770186,609.1614906832298,552.3582298136646,NOVO HORIZONTE,2.3087201125175807,2
3533908,SP,1104,521.824365942029,532.9841485507246,521.6915760869565,541.4303442028985,531.286231884058,529.8433333333334,OLÍMPIA,2.311778290993072,2
3534302,SP,1444,525.663296398892,536.5980609418283,525.7218144044322,538.2069252077563,552.9362880886426,535.8252770083103,ORLÂNDIA,2.510137064534552,2
3534401,SP,14683,513.908308928693,532.429088061023,526.4698835387863,526.1741265408976,530.0647006742491,525.8092215487299,OSASCO,2.2251167718014155,2
3534609,SP,653,518.3430321592649,533.3568147013782,520.981010719755,536.5630934150076,549.7702909647779,531.8028483920367,OSVALDO CRUZ,2.08492252681764,2
3534708,SP,2253,518.4871726586773,532.0358189081225,523.8407456724367,538.7445628051487,536.3604083444296,529.8937416777629,OURINHOS,2.121592420212766,2
3535507,SP,755,516.8295364238411,527.6528476821193,517.26940397351,524.6205298013246,524.0529801324503,522.085059602649,PARAGUAÇU PAULISTA,1.986338797814208,2
3536505,SP,1625,545.2678153846153,553.7412307692308,539.3543384615385,564.2801846153847,566.0184615384616,553.7324061538462,PAULÍNIA,2.8729570990806947,2
3536703,SP,717,518.0278940027894,536.7776847977684,529.7891213389121,536.9164574616457,529.0097629009763,530.1041841004184,PEDERNEIRAS,2.418524416135881,2
3537107,SP,567,513.7700176366843,532.5298059964728,528.1802469135803,538.7104056437389,531.3932980599648,528.9167548500882,PEDREIRA,2.550438596491228,2
3537305,SP,1129,520.0078830823738,537.6736049601417,525.158458813109,541.9526129317981,538.6536758193091,532.6892471213464,PENÁPOLIS,2.3602362204724407,2
3537404,SP,549,516.7743169398907,524.7377049180328,516.7158469945355,527.2295081967213,511.9489981785064,519.4812750455374,PEREIRA BARRETO,2.099537037037037,2
3537602,SP,1515,508.27788778877886,525.1911551155115,518.8013201320132,518.4370957095709,510.3894389438944,516.2193795379537,PERUÍBE,1.6400795404330537,1
3537800,SP,1037,516.0810028929604,537.1677917068466,528.9655737704918,534.3561234329798,524.8023143683703,528.2745612343299,PIEDADE,2.0357142857142856,2
3537909,SP,540,510.44648148148144,528.5077777777778,519.1064814814815,540.1466666666666,522.8518518518518,524.2118518518519,PILAR DO SUL,2.0345285524568397,2
3538006,SP,2312,524.0969723183391,541.0845588235294,533.4476643598616,546.8127162629758,566.0467128027682,542.2977249134948,PINDAMONHANGABA,2.2406413010125807,2
3538709,SP,6929,536.8694183864916,552.1845865204214,540.2654639919181,561.1333525761293,558.3807187184298,549.766708038678,PIRACICABA,2.7099811676082863,2
3538808,SP,1249,515.3843074459568,536.0983987189752,525.0991192954364,541.0642914331465,536.2209767814252,530.773418734988,PIRAJU,2.0927184466019417,2
3538907,SP,540,513.0151851851853,525.7483333333333,520.3277777777778,522.02,518.8518518518518,519.9926296296296,PIRAJUÍ,2.076206896551724,2
3539301,SP,1878,539.886155484558,549.9585729499468,536.970766773163,561.9446219382322,570.8519701810436,551.9224174653888,PIRASSUNUNGA,2.4705882352941178,2
3539509,SP,561,509.8292335115865,518.6064171122995,515.1167557932264,523.8260249554368,518.2174688057041,517.1191800356506,PITANGUEIRAS,1.9542719614921784,1
3539806,SP,2820,504.8027659574468,521.8217730496453,522.0785815602837,518.036560283688,506.6099290780142,514.6699219858157,POÁ,1.916833222296247,1
3540200,SP,701,508.4132667617689,510.7607703281027,506.8666191155492,508.1059914407989,517.8601997146933,510.4013694721826,PONTAL,2.0255775577557755,1
3540606,SP,604,515.0215231788079,532.6703642384107,530.2528145695364,532.3326158940398,531.1258278145696,528.2806291390729,PORTO FELIZ,2.3927484787018254,2
3540705,SP,1492,535.9092493297587,546.5467158176943,536.2949061662198,560.2202412868633,559.088471849866,547.6119168900804,PORTO FERREIRA,2.3941208492106694,2
3541000,SP,4129,509.2545652700412,529.4176313877452,525.6525066602084,522.024388471785,518.7163962218455,521.013097602325,PRAIA GRANDE,2.074658502119642,2
3541307,SP,938,503.3893390191898,516.0470149253731,511.8940298507462,514.9888059701492,506.3326226012793,510.5303624733475,PRESIDENTE EPITÁCIO,1.7928231562252182,1
3541406,SP,8663,513.4763707722498,525.0583400669515,517.3156066027934,525.667366962946,535.9436684751241,523.492270576013,PRESIDENTE PRUDENTE,2.138723897911833,2
3541505,SP,1057,508.1507095553454,522.8175969725638,515.9043519394513,530.865468306528,527.9091769157994,521.1294607379375,PRESIDENTE VENCESLAU,2.0288461538461537,2
3541604,SP,553,510.0448462929475,522.5831826401446,514.844122965642,515.7849909584087,538.7703435804701,520.4054972875226,PROMISSÃO,2.029009126466754,1
3542206,SP,915,510.3808743169399,523.362950819672,513.1083060109289,513.7485245901639,515.8907103825137,515.2982732240437,RANCHARIA,1.911139455782313,1
3542602,SP,2080,513.8926923076923,529.8557211538462,520.7361538461538,536.5953365384615,520.4711538461538,524.3102115384615,REGISTRO,1.98184165232358,2
3543303,SP,2223,522.1300944669365,538.9917678812416,533.510751237067,539.3119208277103,547.6203328834907,536.3129734592892,RIBEIRÃO PIRES,2.29331958108537,2
3543402,SP,12637,546.4291762285352,556.060014243887,542.1424626097967,565.2797895070032,580.4732135791722,558.0769312336789,RIBEIRÃO PRETO,2.6178747940691927,2
3543907,SP,3829,529.4635152781406,547.1638286758945,534.6240271611387,552.8175763907026,552.2434055889266,543.2624706189606,RIO CLARO,2.5293399726615897,2
3544103,SP,728,499.1396978021978,515.0427197802197,515.6561813186813,508.6733516483517,521.7307692307693,512.048543956044,RIO GRANDE DA SERRA,1.844320066334992,1
3544251,SP,649,495.091217257319,508.0568567026194,495.1469953775039,503.4753466872111,492.6348228043144,498.8810477657936,ROSANA,1.555392731535756,1
3545209,SP,1684,518.8109263657957,534.00932304038,529.5883610451307,541.093052256532,534.6199524940617,531.62432304038,SALTO,2.562572872133696,2
3545308,SP,737,516.4183175033921,532.2381275440977,527.8341926729986,528.4180461329714,522.0624151967436,525.3942198100407,SALTO DE PIRAPORA,2.0899182561307903,2
3545803,SP,1891,531.4924907456373,544.96980433633,534.2143839238498,547.7490745637228,554.9021681649921,542.6655843469064,SANTA BÁRBARA D'OESTE,2.747302158273381,2
3546405,SP,1029,519.8532555879494,538.4227405247814,529.2015549076774,542.804664723032,543.5374149659864,534.7639261418853,SANTA CRUZ DO RIO PARDO,2.386041666666667,2
3546603,SP,512,528.51015625,533.7482421875,519.430859375,541.5607421875,552.4609375,535.1421875,SANTA FÉ DO SUL,2.406957928802589,2
3546801,SP,1276,502.9923197492163,516.9473354231975,516.4292319749215,509.4706896551724,505.5485893416928,510.2776332288401,SANTA ISABEL,1.7966321243523315,1
3547304,SP,3075,520.7483252032521,539.5115121951219,530.9668943089431,546.8903739837398,545.0211382113821,536.6276487804878,SANTANA DE PARNAÍBA,2.1391697711548696,2
3547601,SP,821,519.8867235079172,527.9633373934226,515.5249695493301,521.6349573690621,530.1827040194885,523.0385383678441,SANTA ROSA DE VITERBO,2.1372735938989518,2
3547809,SP,16245,526.1711234225916,542.4596614342875,534.9564419821484,546.2898553401046,548.9405971068021,539.7635358571869,SANTO ANDRÉ,2.464325387641749,2
3548500,SP,6490,537.4935439137134,557.5386902927581,548.0360708782742,563.5606471494607,571.6517719568567,555.6561448382126,SANTOS,2.7820831738742187,2
3548708,SP,15782,523.3329616018249,542.4205740717273,535.3464833354454,545.0036243822075,546.9281459891015,538.6063578760613,SÃO BERNARDO DO CAMPO,2.405491937368544,2
3548807,SP,5945,538.0575441547519,557.4506644238857,546.7435323801514,569.1240033641716,568.4070647603028,555.9565618166528,SÃO CAETANO DO SUL,2.851048651733485,2
3548906,SP,7424,543.5979525862069,556.9986530172414,542.7162850215517,568.8701104525862,574.3911637931035,557.314832974138,SÃO CARLOS,2.5379777850375693,2
3549102,SP,1662,542.1815884476534,553.3149217809868,537.2805655836343,567.1262334536704,558.5198555956679,551.6846329723224,SÃO JOÃO DA BOA VISTA,2.4841728280961184,2
3549409,SP,1171,521.3829205807003,532.0210076857387,520.9811272416738,534.4933390264731,551.801878736123,532.1360546541417,SÃO JOAQUIM DA BARRA,2.2026666666666666,2
3549706,SP,1089,539.3061524334252,555.694031221304,537.7459136822773,565.0590449954087,566.7952249770432,552.9200734618918,SÃO JOSÉ DO RIO PARDO,2.43308395677473,2
3549805,SP,9345,545.6337185660781,557.8182557517389,541.0749919743178,568.791974317817,577.6457998929909,558.1929481005885,SÃO JOSÉ DO RIO PRETO,2.656611689814815,2
3549904,SP,14447,542.2019173530837,559.5759257977435,544.8389284972659,578.1134630026995,578.6267045061259,560.6713878313838,SÃO JOSÉ DOS CAMPOS,2.474742775831874,2
3550100,SP,709,530.2633286318759,539.7693935119887,528.7650211565585,537.8204513399154,546.064880112835,536.5366149506347,SÃO MANUEL,2.2066805845511483,2
3550209,SP,639,519.4414710485132,538.235054773083,527.3137715179969,536.8032863849766,525.7902973395932,529.5167762128325,SÃO MIGUEL ARCANJO,1.7246494066882416,2
3550308,SP,188780,523.2857273016209,541.727029346329,533.7610853904015,541.3194861743829,538.0286047250768,535.6243865875622,SÃO PAULO,2.1544558819617814,2
3550605,SP,1608,526.4103855721393,539.4645522388059,530.150684079602,538.4890547263682,535.5970149253732,534.0223383084576,SÃO ROQUE,2.382408724513988,2
3550704,SP,1156,505.6454152249135,523.4575259515572,518.2291522491349,510.0423875432526,503.8754325259516,512.249982698962,SÃO SEBASTIÃO,1.9911835026897788,1
3551009,SP,3481,506.3443550703821,529.1365412237863,526.7354208560758,518.884630853203,526.7911519678254,521.5784199942545,SÃO VICENTE,2.049669737528246,2
3551504,SP,813,515.6840098400984,524.8377613776138,518.1215252152522,518.6585485854858,532.8167281672817,522.0237146371464,SERRANA,2.246575342465753,2
3551702,SP,2382,529.5932829554996,543.5057514693534,531.3760705289673,544.1516372795969,553.2745591939547,540.3802602854744,SERTÃOZINHO,2.424780768067735,2
3552106,SP,774,522.8722222222221,537.3206718346254,527.2476744186047,537.6036175710594,544.7545219638243,533.9597416020672,SOCORRO,1.999068033550792,2
3552205,SP,12682,525.3295852389213,544.2176155180571,536.0557561898754,546.7381012458602,545.756189875414,539.6194496136255,SOROCABA,2.4386458392826547,2
3552403,SP,3463,514.1450476465493,529.4234478775628,526.1956107421311,529.7835691596881,522.8587929540861,524.4812936760036,SUMARÉ,2.3091550676337973,2
3552502,SP,5775,506.9486406926407,522.7461991341991,520.6028917748918,520.1402424242424,521.5376623376624,518.3951272727272,SUZANO,1.9635930493273543,1
3552809,SP,7950,509.2531194968553,528.8808805031447,524.8388679245284,520.1998364779874,526.0754716981132,521.8496352201257,TABOÃO DA SERRA,2.000733383622496,2
3553609,SP,515,513.647572815534,530.9093203883494,515.0442718446602,529.6852427184466,532.2718446601941,524.3116504854368,TAPIRATIBA,1.848837209302325,2
3553708,SP,752,526.7655585106384,538.5573138297872,529.9107712765958,536.5723404255319,551.2234042553191,536.6058776595744,TAQUARITINGA,2.212667353244078,2
3554003,SP,1980,520.0809595959596,532.3114141414142,527.6914646464646,535.2763636363636,526.8080808080808,528.4336565656566,TATUÍ,2.306409360810339,2
3554102,SP,4826,534.495234148363,551.7276833816825,538.1506216328222,559.8874430169913,561.1479486116867,549.0817861583091,TAUBATÉ,2.524090983205609,2
3554508,SP,1056,521.9549242424242,532.8206439393939,523.8336174242424,537.6429924242424,538.0113636363636,530.8527083333332,TIETÊ,2.3347875569044008,2
3555000,SP,1581,515.1907020872866,532.0342820999367,524.2475648323846,532.8333965844403,544.6046805819102,529.7821252371916,TUPÃ,2.1878332525448374,2
3555406,SP,1159,512.2941328731665,534.662985332183,526.935030198447,529.5359792924935,512.4417601380501,523.1739775668681,UBATUBA,2.0001383508577755,2
3556206,SP,1986,554.4576535750251,571.658559919436,555.2015609264854,593.1864048338368,590.9264853977845,573.0861329305137,VALINHOS,3.102547606793618,2
3556404,SP,437,524.7176201372998,540.1535469107552,528.1848970251716,543.904347826087,535.7894736842105,534.5499771167048,VARGEM GRANDE DO SUL,2.198046875,2
3556453,SP,1141,515.7457493426818,529.3626643295355,524.8779141104294,532.9135845749342,527.6248904469763,526.1049605609115,VARGEM GRANDE PAULISTA,2.229595222295952,2
3556503,SP,1213,503.9809563066777,523.9928276999176,518.1638087386644,520.3629843363561,513.9653751030503,516.0931904369332,VÁRZEA PAULISTA,2.328911000552792,1
3556701,SP,1338,548.1164424514201,561.6198804185351,548.3215246636771,581.7937219730942,569.5964125560538,561.8895964125561,VINHEDO,2.992128678986995,2
3557006,SP,1595,515.0407523510971,535.3768025078369,531.945329153605,534.3534169278996,523.0971786833856,527.962695924765,VOTORANTIM,2.402880658436214,2
3557105,SP,2162,529.9493061979648,538.649861239593,527.1866327474561,552.949629972248,551.554116558742,540.0579093432008,VOTUPORANGA,2.2948717948717947,2
4100400,PR,1107,510.493044263776,530.73369467028,521.3467028003614,512.380487804878,513.2791327913279,517.6466124661247,ALMIRANTE TAMANDARÉ,2.054767309875142,1
4100806,PR,864,508.5917824074074,515.540162037037,505.2069444444445,506.6655092592592,494.02777777777777,506.0064351851852,ALVORADA DO SUL,2.056141154903758,1
4101002,PR,564,511.6489361702128,529.0666666666666,508.8271276595744,524.8572695035461,521.2411347517731,519.1282269503547,AMPÉRE,2.0044313146233383,1
4101408,PR,2634,520.691761579347,534.5941154138193,523.019589977221,529.6672741078208,523.6598329536827,526.3265148063782,APUCARANA,2.332588681288925,2
4101507,PR,1947,516.7769388803287,527.4842321520288,517.8425783256291,527.5907550077042,517.8736517719568,521.5136312275295,ARAPONGAS,2.489426596177308,2
4101606,PR,325,510.0092307692308,519.8618461538462,516.8067692307693,516.7901538461538,502.0923076923077,513.1120615384615,ARAPOTI,1.9625279642058169,1
4101804,PR,2605,516.7981573896353,534.9328214971209,523.1103262955854,527.4601919385797,516.6909788867563,523.7984952015355,ARAUCÁRIA,2.291180371352785,2
4101903,PR,728,502.7178571428571,517.6255494505494,504.9546703296703,505.74505494505496,502.4725274725275,506.7031318681319,ASSAÍ,1.6373239436619718,1
4102000,PR,925,516.219891891892,524.1849729729729,511.7975135135136,518.3072432432433,525.5351351351351,519.2089513513513,ASSIS CHATEAUBRIAND,2.216376944190302,2
4102109,PR,724,516.7752762430939,521.7269337016575,508.75082872928175,513.8193370165747,523.5911602209944,516.9327071823204,ASTORGA,2.2844739530132787,1
4102406,PR,1331,500.3687453042825,506.0993989481593,496.523365890308,504.9554470323065,509.9323816679188,503.575867768595,BANDEIRANTES,1.8384710234278667,1
4103453,PR,440,505.3738636363637,523.0338636363637,509.24295454545455,519.1338636363636,522.8636363636364,515.9296363636364,CAFELÂNDIA,2.424453280318092,1
4103701,PR,1824,516.4688048245614,534.6401315789474,522.4917214912281,521.9443530701755,521.063596491228,523.3217214912281,CAMBÉ,2.297623801916933,2
4104006,PR,789,508.1029150823828,526.7101394169835,517.8764258555133,513.1357414448669,516.6793409378961,516.5009125475284,CAMPINA GRANDE DO SUL,2.065012831479897,1
4104204,PR,2334,528.6889888603257,543.4686803770351,528.3135389888604,538.1661953727506,542.3307626392459,536.1936332476437,CAMPO LARGO,2.5201842546063653,2
4104253,PR,408,504.97083333333336,528.3230392156862,514.1355392156862,509.5747549019608,496.6666666666667,510.7341666666666,CAMPO MAGRO,2.288071065989848,1
4104303,PR,3672,511.9040849673203,522.7945533769064,513.5997004357299,516.9400871459695,528.2734204793028,518.7023692810458,CAMPO MOURÃO,2.171168857847165,1
4104501,PR,560,508.3773214285714,529.0025,511.3646428571429,523.4991071428572,518.7142857142857,518.1915714285714,CAPANEMA,1.9468167701863357,1
4104808,PR,7099,529.4876884068178,541.9784476686857,527.4272573601916,542.9956331877729,553.3145513452599,539.0407155937456,CASCAVEL,2.416017475523739,2
4104907,PR,1138,524.0949033391915,537.401230228471,524.7128295254832,527.5183655536028,518.4182776801406,526.429121265378,CASTRO,2.287359900373599,2
4105409,PR,702,508.9494301994302,525.2205128205128,506.04558404558406,518.1595441595441,503.2193732193732,512.3188888888889,CHOPINZINHO,2.15244630071599,1
4105508,PR,2318,510.182614322692,515.0470232959448,507.49547023295946,509.1954702329595,525.95340811044,513.5747972389992,CIANORTE,2.505704041720991,1
4105706,PR,254,508.3051181102362,521.367716535433,507.5787401574803,496.955905511811,532.0472440944882,513.2509448818898,CLEVELÂNDIA,2.0074626865671643,1
4105805,PR,3478,509.9239792984474,531.3325474410581,522.6271707878091,519.6621334100057,520.1840138010351,520.7459689476711,COLOMBO,2.1573148148148147,2
4105904,PR,1180,501.4404237288135,502.2951694915255,497.4655084745763,502.50762711864405,512.1694915254237,503.1756440677967,COLORADO,2.255492676431425,1
4106407,PR,2168,508.392573800738,520.9579335793358,511.7058118081181,517.3056273062731,516.1346863468634,514.8993265682657,CORNÉLIO PROCÓPIO,1.961565710237336,1
4106506,PR,688,508.6020348837209,521.7125,506.2859011627907,510.1786337209303,515.2906976744187,512.4139534883722,CORONEL VIVIDA,2.0975985221674875,1
4106902,PR,41457,544.3114914248498,560.1667631521818,546.0024121378779,567.8575367247992,561.5370142557349,555.9750435390887,CURITIBA,2.627944568382047,2
4107207,PR,1939,517.1601856627127,528.8313563692625,513.166374419804,527.9140794223827,516.1320268179473,520.6408045384219,DOIS VIZINHOS,2.0888172043010758,2
4107652,PR,2046,504.3652492668622,523.8789345063539,515.6043988269795,511.1757086999023,495.3958944281525,510.0840371456501,FAZENDA RIO GRANDE,2.010745416290953,1
4108304,PR,6041,521.3313855321967,537.6848369475252,528.867257076643,535.8312199966892,531.6437675881476,531.0716934282402,FOZ DO IGUAÇU,2.23796403712297,2
4108403,PR,3350,523.1992537313433,538.2545671641791,521.0166865671641,538.2042388059701,528.310447761194,529.79703880597,FRANCISCO BELTRÃO,2.342741935483871,2
4108601,PR,652,501.86012269938647,509.4088957055215,505.169018404908,505.7924846625767,521.8098159509202,508.80806748466256,GOIOERÊ,2.1228179551122195,1
4108809,PR,1047,503.4756446991404,511.0819484240688,502.8932187201528,503.9269340974212,494.3266475644699,503.14087870105067,GUAÍRA,1.96370420624152,1
4109401,PR,4531,518.6496799823439,529.5925182079012,519.5274994482454,522.3379607150739,510.7128669167954,520.1641050540719,GUARAPUAVA,2.0862687540769733,2
4109609,PR,537,507.13165735567975,528.8716945996275,524.4610800744879,516.713966480447,526.2942271880819,520.6945251396648,GUARATUBA,2.100132625994695,2
4109708,PR,588,504.4751700680272,518.6362244897958,504.9263605442177,510.8988095238095,516.5986394557823,511.1070408163265,IBAITI,1.8723837209302323,1
4109807,PR,1246,518.9833868378813,528.3672552166934,518.7880417335474,521.2422953451044,512.5842696629213,519.9930497592295,IBIPORÃ,2.1895539906103285,2
4110706,PR,1826,518.3281489594742,529.43713033954,515.0099671412925,525.9934830230011,518.4446878422782,521.4426834611172,IRATI,2.0908203125,2
4111407,PR,223,506.3991031390135,517.652466367713,499.204932735426,511.10762331838566,491.8385650224215,505.2405381165919,IVAÍ,1.7887323943661972,1
4111506,PR,1261,507.04766058683583,509.3745440126884,501.9624900872323,499.5252973830293,506.48691514670895,504.8793814432989,IVAIPORÃ,1.8214285714285716,1
4111803,PR,979,509.73544433095,520.2504596527068,510.520429009193,507.49162410623086,513.7078651685393,512.341164453524,JACAREZINHO,2.1370139398385914,1
4112009,PR,461,509.0876355748373,523.4117136659436,516.5386117136659,510.4279826464208,495.8351409978308,511.0602169197397,JAGUARIAÍVA,2.053030303030303,1
4112108,PR,1184,519.2569256756757,517.8416385135135,510.690625,515.3956081081081,519.9662162162163,516.6302027027027,JANDAIA DO SUL,2.381664499349805,1
4113205,PR,901,509.6962264150943,521.4744728079911,510.4709211986681,520.7679245283019,509.5005549389567,514.3820199778024,LAPA,2.056281618887015,1
4113304,PR,1438,513.3173157162727,524.6151599443672,508.95625869262864,511.611752433936,503.36578581363005,512.3732545201668,LARANJEIRAS DO SUL,1.5779118572927595,1
4113502,PR,1312,497.1528963414634,500.002362804878,494.1131859756098,491.1349085365854,492.2865853658537,494.9379878048781,LOANDA,1.9134953161592505,1
4113700,PR,11238,538.9730912973838,554.615429791778,538.8017885744795,552.6680014237409,540.211781455775,545.0540185086314,LONDRINA,2.485480429419217,2
4114302,PR,452,503.4506637168142,526.100221238938,509.9694690265487,513.4734513274336,508.5840707964602,512.315575221239,MANDIRITUBA,1.8393135725429015,1
4114609,PR,1591,525.0920804525456,542.7587052168448,521.4319924575739,545.1823381521056,535.9899434318039,534.0910119421748,MARECHAL CÂNDIDO RONDON,2.6048704954954958,2
4114807,PR,454,523.079295154185,523.9074889867842,518.2204845814978,516.9416299559472,550.0440528634361,526.4385903083701,MARIALVA,2.422507788161994,2
4115200,PR,7828,536.3910449667859,543.1461548288196,532.6357307102709,542.6438809402146,567.0746039856924,544.3782830863565,MARINGÁ,2.6236753917217643,2
4115705,PR,843,505.3342823250296,520.8169632265718,517.6105575326216,514.5880189798339,502.6334519572954,512.1966548042705,MATINHOS,2.0091761827079937,1
4115754,PR,453,502.09558498896246,513.916114790287,502.7417218543046,505.3995584988962,493.1567328918322,503.4619426048565,MAUÁ DA SERRA,1.8752100840336132,1
4115804,PR,1933,522.3429384376617,537.0272633212622,521.3102948784274,539.2523021210553,519.9275737196068,527.9720744956027,MEDIANEIRA,2.368483412322275,2
4116901,PR,635,507.7798425196851,510.5503937007874,504.044094488189,507.7462992125984,520.2519685039371,510.0745196850394,NOVA ESPERANÇA,2.2385026737967912,1
4117503,PR,435,504.5167816091954,517.007816091954,515.7719540229884,510.92206896551727,531.9080459770115,516.0253333333333,PAIÇANDU,2.328611898016997,1
4117602,PR,646,506.4040247678018,517.5534055727554,501.7828173374613,504.35928792569655,508.6996904024768,507.7598452012384,PALMAS,1.920731707317073,1
4117701,PR,453,524.862472406181,547.7048565121413,531.0604856512141,542.6081677704194,531.1258278145696,535.4723620309051,PALMEIRA,2.2932773109243696,2
4117909,PR,879,522.3282138794084,534.6189988623436,516.4344709897612,534.6175199089874,538.4072810011377,529.2812969283276,PALOTINA,2.488831615120275,2
4118204,PR,2692,503.1624071322437,518.7676448736999,514.2729197622585,511.2690936106984,498.9747399702823,509.28936106983656,PARANAGUÁ,2.252062706270627,1
4118402,PR,2644,510.0276096822996,514.9722390317701,505.7810892586989,505.4656959152799,519.5612708018155,511.1615809379728,PARANAVAÍ,2.091084736406293,1
4118501,PR,2747,527.6392064069894,541.386166727339,525.0091736439753,546.5602475427739,533.6658172551874,534.852122315253,PATO BRANCO,2.476228323699422,2
4119152,PR,2828,518.4740452616691,533.4216053748232,525.4771216407355,528.3201555869872,518.4229137199434,524.8231683168317,PINHAIS,2.223982970671712,2
4119301,PR,614,499.0465798045602,509.5187296416938,501.9874592833876,483.8910423452768,483.0618892508143,495.5011400651466,PINHÃO,1.5184426229508197,1
4119509,PR,1151,508.381841876629,528.1579496090357,519.3491746307559,517.7940052128585,503.21459600347526,515.3795134665509,PIRAQUARA,2.056631299734748,1
4119608,PR,1228,494.3380293159609,506.12190553745927,494.5758143322476,491.203013029316,484.44625407166126,494.13700325732896,PITANGA,1.6379253926701571,1
4119905,PR,4865,540.1689003083249,551.2089003083247,536.1328057553957,552.7282631038026,536.3699897225077,543.3217718396711,PONTA GROSSA,2.3607431935246503,2
4120606,PR,935,509.63989304812833,521.0583957219251,505.5420320855615,508.9208556149733,484.44919786096256,505.9220748663101,PRUDENTÓPOLIS,1.6668036154478223,1
4120804,PR,455,524.4934065934066,547.1806593406594,532.2186813186813,535.8964835164835,532.8351648351648,534.5248791208792,QUATRO BARRAS,2.308872305140962,2
4120903,PR,670,507.6279104477612,526.5792537313432,505.54805970149255,521.0480597014925,507.3134328358209,513.6233432835821,QUEDAS DO IGUAÇU,2.006184895833333,1
4121406,PR,1238,508.3848142164782,523.8493537964458,506.4481421647819,516.0436187399031,516.2520193861067,514.195589660743,REALEZA,1.955840455840456,1
4122206,PR,745,495.1259060402684,519.8979865771812,503.2338255033557,507.49127516778526,504.08053691275165,505.9659060402684,RIO BRANCO DO SUL,1.943563432835821,1
4122305,PR,450,520.4153333333334,539.9784444444444,519.9211111111111,543.4895555555555,534.9333333333333,531.7475555555556,RIO NEGRO,2.481271777003484,2
4122404,PR,1269,518.8579984239559,530.4702915681639,518.0272655634358,523.2737588652483,516.9582348305753,521.5175098502758,ROLÂNDIA,2.184070796460177,2
4123501,PR,512,518.0478515625,537.744140625,518.6494140625,525.6412109375,512.3828125,522.4930859375,SANTA HELENA,2.0776923076923075,2
4124053,PR,488,508.6168032786885,517.5032786885246,510.3006147540984,517.8120901639344,504.2213114754098,511.6908196721312,SANTA TEREZINHA DE ITAIPU,2.0851419031719534,1
4124103,PR,1194,511.2430485762144,525.9049413735344,514.0269681742043,519.4790619765494,510.4857621440536,516.2279564489112,SANTO ANTÔNIO DA PLATINA,1.995349583066068,1
4125506,PR,5026,523.3030043772384,542.9895344210107,531.6790688420215,536.199582172702,528.5754078790291,532.5493195384004,SÃO JOSÉ DOS PINHAIS,2.343049026192076,2
4125605,PR,816,520.0085784313726,540.6594362745097,521.5099264705882,530.8202205882353,513.3578431372549,525.2712009803921,SÃO MATEUS DO SUL,2.0864030335861323,2
4125704,PR,526,525.3503802281368,534.2644486692014,517.401711026616,531.8982889733841,526.8821292775665,527.1593916349809,SÃO MIGUEL DO IGUAÇU,2.2165523156089195,2
4126256,PR,1150,501.5457391304348,512.7707826086956,509.58252173913047,495.5074782608696,502.0,504.2813043478261,SARANDI,2.1092233009708736,1
4127106,PR,1723,504.5824143934997,516.0447475333721,510.7052814857806,504.6468949506674,497.70168311085314,506.7362042948346,TELÊMACO BORBA,2.1710253217102533,1
4127700,PR,3115,528.8335794542536,542.8990690208668,527.9692776886036,542.9171107544141,540.2054574638844,536.5648988764045,TOLEDO,2.412257495590829,2
4128005,PR,682,505.5800586510264,515.800439882698,501.7629032258064,511.1109970674487,523.5777126099707,511.56642228739,UBIRATÃ,2.041031652989449,1
4128104,PR,3829,514.5199007573779,518.4467746147819,508.1887960302951,516.0579785844868,542.2199007573779,519.8866701488639,UMUARAMA,2.315610633619828,1
4128203,PR,1696,512.1714622641509,531.6011202830189,515.2998820754717,518.9041273584905,516.002358490566,518.7957900943396,UNIÃO DA VITÓRIA,1.952060737527115,2
4128500,PR,668,505.5591317365269,522.9167664670659,517.5896706586826,515.4426646706587,522.934131736527,516.8884730538923,WENCESLAU BRAZ,2.03593588417787,1
4201406,SC,1390,529.0388489208633,537.1798561151079,525.021510791367,540.3004316546762,536.6043165467626,533.6289928057554,ARARANGUÁ,2.318621867881549,2
4202008,SC,2621,522.198397558184,537.5973674170164,530.4491797024036,536.6948874475391,534.6814193056085,532.3242502861502,BALNEÁRIO CAMBORIÚ,2.4534696073157614,2
4202305,SC,1232,521.5491071428571,534.2011363636364,523.7039772727273,540.0619318181818,539.1558441558442,531.7343993506494,BIGUAÇU,2.513255033557047,2
4202404,SC,3586,541.9688232013385,552.1510317902956,537.7943390964863,562.3218070273285,552.9559397657557,549.4383881762409,BLUMENAU,2.920716112531969,2
4202800,SC,722,524.7559556786704,527.2193905817174,513.8623268698061,532.5527700831025,526.814404432133,525.0409695290858,BRAÇO DO NORTE,2.58767926988266,2
4202909,SC,1376,528.2062500000001,540.5141715116279,524.9330668604651,542.1261627906977,540.8720930232558,535.3303488372094,BRUSQUE,2.583379888268156,2
4203006,SC,624,526.3360576923077,535.9320512820512,524.443108974359,532.7650641025641,528.4935897435897,529.5939743589745,CAÇADOR,2.459287531806616,2
4203204,SC,994,505.1891348088531,522.0402414486922,518.1640845070423,508.27857142857147,499.1951710261569,510.5734406438632,CAMBORIÚ,2.352536997885835,1
4203600,SC,454,525.2348017621146,531.7299559471365,515.9297356828193,526.4667400881057,534.0969162995594,526.6916299559471,CAMPOS NOVOS,2.4258474576271185,2
4203808,SC,729,528.5998628257887,539.2418381344307,524.4857338820301,536.5323731138545,528.7791495198902,531.5277914951989,CANOINHAS,2.285031847133758,2
4204202,SC,4044,529.2963649851632,543.9496785361029,526.5282888229475,548.0189910979228,545.0840751730959,538.5754797230466,CHAPECÓ,2.524307059333045,2
4204301,SC,1510,533.6266887417219,540.7217880794702,522.2796026490066,547.8514569536424,563.6688741721854,541.6296821192052,CONCÓRDIA,2.519554753309266,2
4204608,SC,3836,532.761496350365,548.3557612095934,533.2994004171012,558.8842805005214,548.3524504692388,544.3306777893639,CRICIÚMA,2.7549457562220803,2
4204806,SC,651,506.4533026113671,522.2179723502304,508.8302611367128,512.5606758832565,502.7035330261137,510.5531490015361,CURITIBANOS,2.096055979643766,1
4205001,SC,587,510.6727427597956,526.1560477001703,511.1461669505962,514.557069846678,516.4565587734241,515.7977172061329,DIONÍSIO CERQUEIRA,2.021545827633379,1
4205407,SC,9412,558.5745218869529,570.5794198895028,552.4805779855503,581.5806629834254,577.9218019549511,568.2273969400765,FLORIANÓPOLIS,2.5899607475040534,2
4205506,SC,564,513.2886524822695,526.8663120567376,516.8361702127659,536.945390070922,541.4893617021277,527.0851773049645,FRAIBURGO,2.227401129943503,2
4205704,SC,521,518.7644913627639,533.0986564299425,524.8913627639156,538.8013435700576,513.0902111324376,525.7292130518234,GAROPABA,2.244891008174387,2
4206504,SC,506,508.46482213438736,519.4863636363635,514.8320158102766,514.492490118577,509.1699604743083,513.2891304347827,GUARAMIRIM,2.6343797856049003,1
4207007,SC,604,514.6675496688742,524.2496688741721,512.4218543046358,532.264238410596,534.0728476821192,523.5352317880795,IÇARA,2.554006968641115,2
4207304,SC,779,507.5718870346598,525.2505776636714,515.9340179717586,519.3406931964057,520.4364569961489,517.7067265725289,IMBITUBA,2.1606425702811247,1
4207502,SC,624,518.5177884615384,530.2735576923077,518.0974358974358,528.1108974358974,515.1602564102565,522.0319871794871,INDAIAL,2.5096717467760845,2
4208203,SC,3715,515.9621265141319,530.3936742934051,523.1537819650067,529.9057873485868,534.3257065948856,526.7482153432031,ITAJAÍ,2.443575418994413,2
4208302,SC,1357,523.1663964627855,532.5761238025055,526.7666912306559,529.7193809874723,535.1510685335298,529.4759322033899,ITAPEMA,2.412577479338843,2
4208401,SC,604,526.7544701986756,533.9019867549669,512.5306291390729,549.044701986755,545.5960264900663,533.5655629139072,ITAPIRANGA,2.297939068100358,2
4208500,SC,584,515.648801369863,526.1494863013698,509.31780821917806,532.0878424657534,534.1438356164383,523.4695547945205,ITUPORANGA,2.2746913580246915,2
4208906,SC,2116,533.3325614366729,545.8816162570888,533.9415406427221,557.2416351606805,554.3289224952741,544.9452551984878,JARAGUÁ DO SUL,2.794791666666667,2
4209003,SC,1700,524.9751176470588,537.0763529411765,522.5528823529412,538.7559411764706,545.0117647058823,533.674411764706,JOAÇABA,2.612850082372323,2
4209102,SC,8176,534.1195817025441,547.9610200587084,537.2440802348336,560.2121086105675,560.9075342465753,548.0888649706459,JOINVILLE,2.824047063399456,2
4209300,SC,2908,522.730674002751,528.7934662998624,517.9741746905089,529.7013755158184,531.1004126547456,526.0600206327373,LAGES,2.199526191102922,2
4209409,SC,684,515.7887426900585,531.7406432748538,520.7687134502924,531.3211988304093,521.2280701754386,524.1694736842105,LAGUNA,2.125454545454545,2
4210100,SC,905,529.86,539.3322651933702,518.1602209944751,544.1269613259669,529.7900552486187,532.2539005524862,MAFRA,2.4111644657863147,2
4210506,SC,1293,522.7797370456303,534.3709203402939,515.0488012374323,531.8765661252901,540.1392111368909,528.8430471771075,MARAVILHA,2.469917012448133,2
4211306,SC,1280,505.96390625,519.596171875,515.781171875,515.31515625,521.40625,515.6125312500001,NAVEGANTES,2.2474066390041494,1
4211702,SC,572,521.1669580419581,532.3788461538462,512.7722027972028,523.6012237762238,521.9580419580419,522.3754545454547,ORLEANS,2.563063063063063,2
4211900,SC,3059,525.9718862373325,538.8631905851586,527.3729650212488,542.1124223602484,537.1297809741745,534.2900490356326,PALHOÇA,2.541763942931258,2
4212106,SC,748,512.6683155080215,521.8351604278075,506.288770053476,522.8554812834225,502.379679144385,513.2054812834225,PALMITOS,2.232456140350877,1
4213609,SC,415,530.8106024096386,540.4737349397591,525.4161445783133,539.0385542168675,523.3734939759037,531.8225060240964,PORTO UNIÃO,2.2786975717439293,2
4214201,SC,329,513.029179331307,516.1866261398176,493.8203647416413,518.7741641337386,521.6413373860182,512.6903343465044,QUILOMBO,1.9580357142857143,1
4214805,SC,1555,531.2299035369775,540.8686816720258,527.0419935691318,547.8724758842443,557.7234726688102,540.9473054662379,RIO DO SUL,2.734670487106017,2
4215000,SC,622,514.3889067524116,527.157073954984,513.0218649517684,529.2012861736334,531.5755627009646,523.0689389067524,RIO NEGRINHO,2.4591679506933746,2
4215802,SC,1436,521.9202646239554,538.708426183844,523.5223537604456,542.3815459610028,546.6991643454039,534.6463509749303,SÃO BENTO DO SUL,2.639618511569731,2
4216206,SC,533,522.355722326454,537.0339587242025,526.0506566604128,527.640712945591,517.8611632270168,526.1884427767354,SÃO FRANCISCO DO SUL,2.4903598971722367,2
4216503,SC,224,513.0013392857143,524.9714285714286,509.246875,516.0352678571428,520.625,516.7759821428572,SÃO JOAQUIM,2.234631147540984,1
4216602,SC,3881,536.1735377480031,546.2697758309714,534.6655243493944,549.2617881989178,543.4887915485699,541.9718835351714,SÃO JOSÉ,2.6294060370009738,2
4216909,SC,728,513.5412087912088,526.703021978022,509.0909340659341,527.8888736263735,522.967032967033,520.0382142857143,SÃO LOURENÇO DO OESTE,2.233955659276546,2
4217204,SC,1368,525.5074561403509,540.9675438596491,518.4458333333333,542.3945906432749,543.3479532163743,534.1326754385965,SÃO MIGUEL DO OESTE,2.4967754172989376,2
4217501,SC,405,533.5212345679013,542.9735802469136,519.1839506172839,553.1617283950617,546.1728395061729,539.0026666666666,SEARA,2.547348484848485,2
4217709,SC,1024,510.60634765625,522.86044921875,514.2603515625,518.3015625,518.046875,516.8151171875,SOMBRIO,2.125375939849624,1
4217808,SC,401,513.5573566084788,530.896259351621,507.9970074812968,533.8922693266833,531.2718204488779,523.5229426433915,TAIÓ,2.27375,2
4218004,SC,705,512.2191489361702,525.1578723404256,519.2181560283688,529.9221276595745,532.6808510638298,523.8396312056738,TIJUCAS,2.444385593220339,2
4218202,SC,496,527.923185483871,539.0300403225807,526.2149193548387,543.0072580645161,537.4596774193549,534.7270161290322,TIMBÓ,2.879139072847682,2
4218707,SC,2435,522.6743737166324,532.1701848049281,521.8914168377823,538.6030390143737,549.4209445585216,532.9519917864476,TUBARÃO,2.543592794017675,2
4219309,SC,1126,527.1345470692718,539.1886323268207,524.9914742451155,544.0358792184725,542.0603907637656,535.4821847246892,VIDEIRA,2.6149962602842183,2
4219507,SC,1311,520.9868802440885,532.6967200610221,515.0170099160946,529.079176201373,534.1266209000763,526.381281464531,XANXERÊ,2.421751968503937,2
4219705,SC,388,527.4353092783505,539.191237113402,520.9886597938145,547.3198453608247,544.5876288659794,535.9045360824741,XAXIM,2.39453125,2
4300406,RS,2175,507.2976551724137,515.5926436781609,511.0452413793103,510.9276321839081,512.919540229885,511.5565425287356,ALEGRETE,1.806344849854698,1
4300604,RS,3017,501.75773947630097,521.1932051706993,520.846105402718,510.0710308253232,516.8114020550215,514.1358965860126,ALVORADA,1.981253779479944,1
4301008,RS,190,546.1794736842105,554.7578947368421,534.5152631578947,583.1521052631579,603.2631578947369,564.3735789473683,ARROIO DO MEIO,2.9375,2
4301305,RS,401,492.9546134663341,506.2917705735661,510.61346633416457,509.03466334164585,509.9750623441397,505.77391521197006,ARROIO GRANDE,1.4442246835443038,1
4301602,RS,3120,508.90163461538464,516.1485897435898,516.2301923076923,513.4994871794871,494.4230769230769,509.84059615384615,BAGÉ,1.6586636697997548,1
4302105,RS,1441,535.8628036086052,552.8849410131853,538.917626648161,562.0932685634975,571.7557251908397,552.3028730048577,BENTO GONÇALVES,2.7344662772172064,2
4302709,RS,467,503.6631691648823,520.6374732334048,523.3644539614561,520.9925053533191,529.9357601713062,519.7186723768737,BUTIÁ,1.9048951048951048,1
4302808,RS,824,508.3436893203884,517.7288834951456,514.2241504854369,517.1108009708738,501.1407766990291,511.7096601941747,CAÇAPAVA DO SUL,1.7586730268863833,1
4303004,RS,2187,517.56410608139,529.7124828532236,522.2657978966621,524.3233196159123,522.9172382258802,523.3565889346137,CACHOEIRA DO SUL,1.9943664271717831,2
4303103,RS,2988,515.4335341365462,532.3465863453815,532.4951807228916,530.4994310575636,533.326639892905,528.8202744310576,CACHOEIRINHA,2.3361892873354515,2
4303509,RS,2210,507.1762895927602,520.5923981900452,513.99407239819,517.6529864253395,535.3393665158371,518.9510226244344,CAMAQUÃ,1.7695173307418206,1
4303905,RS,1119,513.9924932975871,534.5977658623772,531.4752457551385,541.412689901698,535.2815013404826,531.3519392314566,CAMPO BOM,2.370919881305638,2
4304408,RS,816,520.6705882352941,539.1773284313725,535.2724264705882,541.8170343137255,545.0245098039215,536.3923774509803,CANELA,2.6151502843216896,2
4304507,RS,957,510.4817136886102,530.1423197492163,516.5628004179728,526.7655172413793,547.3772204806687,526.2659143155695,CANGUÇU,1.6455696202531649,2
4304606,RS,6826,520.359698212716,538.8241869323176,533.3128918839731,542.7464840316437,540.7442133020803,535.1974948725463,CANOAS,2.364025750202757,2
4304630,RS,1079,508.66784059314176,526.8990732159407,525.4553290083411,523.4501390176089,529.1010194624653,522.7146802594996,CAPÃO DA CANOA,2.0132716049382715,2
4304663,RS,496,499.5778225806452,507.8633064516129,508.6810483870967,496.1774193548387,488.4274193548387,500.1454032258064,CAPÃO DO LEÃO,1.5497644287396937,1
4304705,RS,1542,521.1348249027237,535.4639429312581,522.1441634241246,533.5856679636835,538.9364461738003,530.2530090791181,CARAZINHO,2.32078678970374,2
4304804,RS,635,526.3818897637796,554.1266141732284,532.1291338582677,558.5811023622048,578.1102362204724,549.8657952755905,CARLOS BARBOSA,3.014857881136951,2
4305108,RS,6720,530.9475595238096,547.0945535714286,536.9550297619047,550.820699404762,575.5446428571429,548.2724970238096,CAXIAS DO SUL,2.529180254132464,2
4305207,RS,1123,512.9054318788959,526.0412288512912,505.9318788958148,523.8408726625112,536.3846838824577,521.020819234194,CERRO LARGO,1.9569954128440368,2
4305355,RS,899,512.9091212458287,519.1931034482758,521.1578420467187,527.0825361512792,527.7864293659621,521.625806451613,CHARQUEADAS,2.3182509505703424,2
4306106,RS,1663,513.3321106434155,520.876007215875,512.7361395069152,514.479073962718,527.9134095009019,517.867348165965,CRUZ ALTA,2.053635547576301,1
4306403,RS,580,523.438448275862,547.7298275862069,536.0329310344828,562.6406896551724,574.4827586206897,548.8649310344828,DOIS IRMÃOS,2.869181946403385,2
4306601,RS,800,496.05025,502.99425,500.39925000000005,495.104,472.65,493.43955,DOM PEDRITO,1.5784023668639051,1
4306767,RS,622,508.20128617363343,519.4771704180064,518.4442122186495,513.2353697749196,496.4630225080386,511.1642122186495,ELDORADO DO SUL,2.059006211180124,1
4306809,RS,700,527.462,546.6112857142857,525.6128571428571,552.4391428571429,583.3714285714286,547.0993428571429,ENCANTADO,2.670514511873351,2
4306908,RS,378,502.6140211640212,515.1648148148148,512.2100529100529,503.02433862433867,503.4391534391534,507.2904761904762,ENCRUZILHADA DO SUL,1.5382352941176471,1
4307005,RS,3483,528.0214757393052,540.6310364628193,524.4667815101924,544.2035601492965,559.1846109675568,539.3014929658341,ERECHIM,2.2834234455640208,2
4307500,RS,755,516.940927152318,529.1262251655629,510.4554966887417,528.2678145695364,564.158940397351,529.789880794702,ESPUMOSO,2.34641638225256,2
4307609,RS,876,515.5013698630137,532.9993150684932,531.491095890411,544.7619863013699,541.3698630136986,533.2247260273973,ESTÂNCIA VELHA,2.4098586017282013,2
4307708,RS,1697,519.4196817913966,535.492987625221,532.5503241013554,541.2339422510312,537.1714790807307,533.173682969947,ESTEIO,2.270976200080678,2
4307807,RS,505,540.0283168316831,553.7033663366337,536.8685148514851,575.8801980198019,566.8118811881188,554.6584554455445,ESTRELA,2.8623595505617976,2
4307906,RS,972,523.6833333333334,545.1635802469136,531.4460905349794,554.4762345679013,563.1481481481482,543.5834773662552,FARROUPILHA,2.7751677852348995,2
4308508,RS,2290,513.4391703056768,523.5173799126637,508.76096069869,516.0783842794759,539.589519650655,520.2770829694323,FREDERICO WESTPHALEN,1.962527553269655,1
4308607,RS,492,533.9310975609756,552.169512195122,536.4424796747968,556.729674796748,578.69918699187,551.5943902439025,GARIBALDI,2.9573394495412844,2
4308904,RS,604,514.1337748344371,522.566225165563,509.78923841059606,524.5,536.4238410596026,521.4826158940398,GETÚLIO VARGAS,2.3273727647867952,2
4309001,RS,274,509.0317518248176,521.6832116788322,513.4350364963504,514.2518248175182,530.1459854014598,517.7095620437956,GIRUÁ,1.7106958762886595,1
4309209,RS,4181,516.9322889260942,533.1086342980149,531.238674958144,532.8396555847884,538.3496771107391,530.4937861755561,GRAVATAÍ,2.236842105263158,2
4309308,RS,2202,504.6026793823797,519.772025431426,519.8556312443234,516.6640781108084,514.4959128065395,515.0780653950955,GUAÍBA,2.044861722187304,1
4309407,RS,806,525.9285359801489,536.9241935483872,524.2112903225807,541.540570719603,558.5856079404466,537.4380397022333,GUAPORÉ,2.731373690337602,2
4309605,RS,394,526.1246192893401,534.1467005076141,523.942385786802,539.8248730964467,549.3908629441624,534.6858883248731,HORIZONTINA,2.409274193548387,2
4310108,RS,675,514.3696296296297,540.5177777777777,534.6328888888889,545.1118518518518,547.9111111111112,536.5086518518518,IGREJINHA,2.206701030927835,2
4310207,RS,2438,530.4477850697293,540.9640278917145,526.2516406890894,541.8947908121411,563.0188679245283,540.5154224774406,IJUÍ,2.292046605876393,2
4310330,RS,310,513.04,528.8183870967742,529.1838709677419,528.9903225806452,526.0,525.2065161290323,IMBÉ,1.723157894736842,2
4310603,RS,928,500.3966594827586,512.2735991379311,504.4978448275862,506.464547413793,488.3836206896552,502.4032543103449,ITAQUI,1.5652254249815225,1
4310801,RS,433,527.1697459584295,545.2517321016167,533.4452655889145,575.3859122401848,556.8129330254042,547.61311778291,IVOTI,2.706384892086331,2
4311007,RS,434,508.6870967741936,524.2195852534562,522.3705069124424,523.4361751152073,519.2626728110599,519.5952073732718,JAGUARÃO,1.785190615835777,2
4311205,RS,965,515.4640414507772,523.0466321243523,510.0135751295337,511.25523316062174,517.8860103626943,515.5330984455959,JÚLIO DE CASTILHOS,1.8142514011208968,1
4311304,RS,749,512.0963951935914,520.9477970627504,509.00854472630175,514.5365821094794,548.4646194926569,521.010787716956,LAGOA VERMELHA,2.1164504716981134,1
4311403,RS,1230,543.3956097560975,554.8624390243903,540.3973170731707,574.7409756097561,591.9186991869918,561.0630081300812,LAJEADO,2.8005050505050506,2
4311700,RS,466,506.8982832618026,512.8330472103005,500.6343347639485,506.7783261802575,539.9570815450644,513.4202145922748,MACHADINHO,1.7670340681362726,1
4311809,RS,1226,522.6318107667211,531.1855628058728,516.858075040783,535.1044045676998,570.4078303425775,535.2375367047309,MARAU,2.629507628294036,2
4312401,RS,1415,517.3657243816255,535.3402826855124,528.8513074204947,540.2066431095407,544.7208480565371,533.296961130742,MONTENEGRO,2.3783129459734966,2
4312500,RS,257,495.4688715953307,504.1863813229572,499.8291828793775,496.2377431906615,477.1206225680934,494.5685603112841,MOSTARDAS,1.4023876404494382,1
4313201,RS,538,541.921747211896,564.4916356877324,543.9665427509294,576.9468401486989,587.3977695167287,562.944907063197,NOVA PETRÓPOLIS,2.9344,2
4313300,RS,940,523.0315957446809,535.0992553191489,521.6475531914894,534.5141489361702,570.7872340425532,537.0159574468086,NOVA PRATA,2.594073377234243,2
4313409,RS,3206,525.4403618215846,541.9218028696195,540.0082657517155,554.7803181534622,564.2607610729882,545.282301933874,NOVO HAMBURGO,2.330825032481594,2
4313508,RS,1193,514.8532271584241,532.2506286672254,527.7116512992455,534.3150041911149,542.2799664710813,530.2820955574183,OSÓRIO,2.258736971183323,2
4313706,RS,1178,507.17453310696095,517.2522071307301,507.7432937181664,505.4345500848897,523.8200339558574,512.2849235993209,PALMEIRA DAS MISSÕES,1.875423155044008,1
4313904,RS,1305,517.3446743295019,526.4642911877395,513.0767816091953,525.9322605363984,523.816091954023,521.3268199233717,PANAMBI,2.305806257521059,2
4314050,RS,911,504.9084522502744,521.2571899012074,519.8336992316137,518.8318331503842,518.0900109769484,516.5842371020856,PAROBÉ,2.0821011673151752,1
4314100,RS,3833,533.4928515523089,544.7040177406731,531.7854422123663,550.748160709627,567.5554396034438,545.6571823636838,PASSO FUNDO,2.5231854838709675,2
4314407,RS,10645,520.9884358853923,533.4294222639737,529.5554626585251,536.1564114607797,542.7599812118366,532.5779426961014,PELOTAS,1.9219606218937173,2
4314605,RS,374,502.5770053475936,507.2173796791444,506.2403743315508,505.7708556149733,493.42245989304814,503.0456149732621,PIRATINI,1.3669844020797226,1
4314902,RS,26742,536.9332660234837,556.4161356667415,547.7093859845935,560.3032046967318,569.9326901503254,554.2589365043752,PORTO ALEGRE,2.44773921460177,2
4315305,RS,294,500.9275510204082,518.8207482993197,507.7836734693877,509.2394557823129,499.2517006802721,507.2046258503401,QUARAÍ,1.8311688311688312,1
4315602,RS,7544,514.4595174973489,525.3416887592789,524.7984225874867,527.2029294803817,531.3361611876988,524.6277439024391,RIO GRANDE,1.974846372558012,2
4315701,RS,555,513.3073873873874,524.918918918919,520.7381981981982,515.432972972973,531.6036036036036,521.2002162162163,RIO PARDO,1.9018079800498755,2
4316402,RS,558,504.8603942652329,509.5541218637993,511.22992831541217,507.35125448028674,530.4301075268817,512.6851612903226,ROSÁRIO DO SUL,1.9876543209876545,1
4316808,RS,2942,529.9588715159755,548.9423521414004,533.1364717878994,553.8788919102651,568.8171312032631,546.9467437117607,SANTA CRUZ DO SUL,2.270930533955417,2
4316907,RS,10683,536.8658990920154,551.1993728353459,538.3269212767949,551.3446222971075,564.5268183094636,548.4527267621454,SANTA MARIA,2.355973698936765,2
4317103,RS,2012,498.0033300198807,517.3946322067594,516.3091451292247,509.7315606361829,494.6819085487078,507.2241153081512,SANT'ANA DO LIVRAMENTO,1.6638736706413149,1
4317202,RS,2654,528.1822155237378,545.3764129615674,525.7936699321779,547.463149962321,561.9216277317257,541.747415222306,SANTA ROSA,2.2644740830554717,2
4317301,RS,662,499.54501510574016,507.1829305135951,505.538670694864,515.2442598187312,499.7280966767372,505.4477945619336,SANTA VITÓRIA DO PALMAR,1.6661793372319689,1
4317400,RS,1597,511.8608641202255,523.3936756418284,511.88221665623047,514.124483406387,506.0989355040701,513.4720350657483,SANTIAGO,1.9107303877367,1
4317509,RS,2105,515.1152019002375,529.7881710213777,518.6841330166271,526.8136817102138,533.9477434679335,524.869786223278,SANTO ÂNGELO,2.004114145658263,2
4317608,RS,684,500.094298245614,515.4752923976608,513.6040935672514,512.6622807017544,528.2163742690059,514.0104678362574,SANTO ANTÔNIO DA PATRULHA,2.088357588357588,1
4318002,RS,1437,498.89819067501736,510.6661795407098,511.7045233124565,497.6620041753654,493.7369519832985,502.5335699373695,SÃO BORJA,1.7472464433226251,1
4318309,RS,1140,510.7078947368421,521.8637719298246,518.7375438596491,511.4894736842105,520.6491228070175,516.6895614035088,SÃO GABRIEL,1.919703520691785,1
4318408,RS,800,506.7485,518.4161250000001,517.979375,519.594125,521.1,516.7676250000001,SÃO JERÔNIMO,2.0489864864864864,1
4318507,RS,475,500.62357894736846,506.9812631578948,506.42378947368417,510.8124210526316,506.6105263157895,506.2903157894737,SÃO JOSÉ DO NORTE,1.518688293370945,1
4318705,RS,3521,525.722039193411,542.1623686452713,537.5917637034934,554.24720249929,553.8540187446748,542.7154785572282,SÃO LEOPOLDO,2.3411913077221573,2
4318804,RS,963,513.1833852544132,525.8016614745587,520.6141225337487,525.5416407061267,542.5960539979231,525.5473727933542,SÃO LOURENÇO DO SUL,1.8047272727272727,2
4318903,RS,1357,501.8677966101695,513.2000736919675,503.9284450994842,509.6384672070744,506.3964627855564,507.0062490788504,SÃO LUIZ GONZAGA,1.675957207207207,1
4319000,RS,341,521.0448680351906,533.9090909090909,522.3847507331378,540.7140762463343,559.5307917888563,535.516715542522,SÃO MARCOS,2.4177631578947367,2
4319604,RS,485,521.5435051546392,525.5670103092783,518.6092783505154,520.0913402061856,532.3298969072165,523.628206185567,SÃO SEPÉ,2.040942028985507,2
4319802,RS,815,519.396564417178,521.1824539877301,509.16331288343554,516.4759509202454,519.6319018404907,517.1700368098159,SÃO VICENTE DO SUL,1.7116858237547892,1
4319901,RS,1721,509.11016850668216,530.903834979663,525.6545613015688,531.202847181871,548.0185938407902,528.9780011621151,SAPIRANGA,2.1814484895429898,2
4320008,RS,2141,511.5131714152265,529.9092947220925,529.8444184960299,534.8261092947221,530.5651564689398,527.3316300794021,SAPUCAIA DO SUL,2.2638125763125765,2
4320107,RS,1243,513.8029766693484,531.0261464199517,513.4885760257442,524.414641995173,546.03378921963,525.7532260659694,SARANDI,2.101794340924776,2
4320701,RS,880,510.2868181818182,518.1490909090909,506.8152272727273,515.9777272727273,549.3863636363636,520.1230454545455,SOBRADINHO,1.7688540646425073,1
4320800,RS,1029,499.5375121477162,510.59426627793977,504.2998056365403,508.9305150631681,523.4596695821185,509.3643537414966,SOLEDADE,1.8745387453874536,1
4320909,RS,811,519.1750924784217,530.6766954377312,511.7817509247842,538.4765721331689,579.284833538841,535.8789889025893,TAPEJARA,2.4767099056603774,2
4321204,RS,1102,526.9533575317604,540.9253176043557,529.3089836660617,547.728221415608,549.6370235934664,538.9105807622504,TAQUARA,2.326809210526316,2
4321303,RS,488,509.469262295082,523.8549180327869,518.3270491803279,524.3303278688525,525.860655737705,520.3684426229509,TAQUARI,2.182737169517885,2
4321451,RS,511,529.1792563600783,549.3843444227007,527.9463796477495,555.473385518591,563.4442270058709,545.0855185909979,TEUTÔNIA,2.69281045751634,2
4321501,RS,1636,508.56308068459657,527.5328239608801,521.2508557457213,524.5239608801955,533.960880195599,523.1663202933985,TORRES,1.9518510356985457,2
4321600,RS,848,505.516391509434,521.8813679245284,522.7042452830188,512.7821933962264,515.188679245283,515.6145754716981,TRAMANDAÍ,1.7765486725663715,1
4321808,RS,990,525.3370707070707,537.1178787878788,519.3052525252525,539.5054545454545,544.6868686868687,533.1905050505051,TRÊS DE MAIO,2.130973066898349,2
4321907,RS,1659,516.9136829415311,526.3680530440024,510.1521398432791,524.66968053044,527.6913803496082,521.1589873417722,TRÊS PASSOS,2.0350768468021814,2
4322400,RS,2993,500.55058469762776,514.3108252589375,512.364684263281,502.1376879385232,509.5890410958904,507.79056465085193,URUGUAIANA,1.7529781243231537,1
4322509,RS,982,511.3871690427698,526.7546843177189,517.302749490835,515.769551934827,530.0,520.2428309572302,VACARIA,2.1076363636363635,2
4322608,RS,948,528.4198312236286,545.9284810126583,532.9691983122362,554.5443037974684,570.3164556962025,546.4356540084387,VENÂNCIO AIRES,2.1682926829268294,2
4322806,RS,467,536.5531049250535,550.4507494646681,531.576659528908,551.9713062098501,628.3511777301927,559.7805995717345,VERANÓPOLIS,2.693702290076336,2
4323002,RS,3471,510.71809276865457,526.4425813886488,524.191673869202,515.8481705560357,519.7061365600691,519.381331028522,VIAMÃO,2.086734693877551,2
5000203,MS,153,497.8836601307189,495.5013071895424,493.72549019607845,487.88235294117646,490.8496732026144,493.1684967320261,ÁGUA CLARA,1.7560240963855422,1
5000609,MS,790,492.7706329113924,500.77898734177217,493.3796202531646,496.9743037974684,480.9113924050633,492.9629873417722,AMAMBAI,1.3706477732793525,1
5000708,MS,456,488.1361842105263,486.39473684210526,486.23333333333335,477.5355263157895,456.3157894736842,478.9231140350877,ANASTÁCIO,1.1767299864314789,0
5001003,MS,300,498.2876666666666,497.999,494.4483333333333,497.8453333333334,502.3333333333333,498.1827333333334,APARECIDA DO TABOADO,1.8401639344262293,1
5001102,MS,1370,490.4985401459854,492.9029197080292,488.2866423357664,487.6985401459854,470.0,485.8773284671532,AQUIDAUANA,1.3132942326490713,0
5001904,MS,498,490.0538152610442,493.24618473895583,487.22429718875503,490.7056224899598,459.5582329317269,484.1576305220884,BATAGUASSU,1.5184659090909092,0
5002100,MS,401,487.1192019950124,495.9970074812968,493.3306733167082,492.89501246882793,453.1172069825436,484.4918204488778,BELA VISTA,1.4852430555555556,0
5002159,MS,114,487.26842105263154,483.8885964912281,478.4728070175439,474.23859649122807,436.140350877193,472.0017543859649,BODOQUENA,1.3210659898477155,0
5002209,MS,232,509.9564655172413,504.9452586206897,506.0435344827587,494.25,473.5344827586207,497.7459482758621,BONITO,1.6931137724550898,1
5002407,MS,426,501.70704225352114,507.1762910798122,492.4340375586854,495.0180751173709,500.18779342723,499.304647887324,CAARAPÓ,1.6933823529411764,1
5002605,MS,166,503.0710843373494,497.78734939759033,485.8638554216867,485.12108433734943,470.0,488.3686746987953,CAMAPUÃ,1.7411894273127753,0
5002704,MS,22520,523.964178507993,531.2739920071049,523.5845293072824,532.1297957371225,547.5470692717585,531.6999129662523,CAMPO GRANDE,1.896391617741092,2
5002902,MS,495,497.4824242424242,503.5187878787879,495.6830303030303,503.789898989899,484.44444444444446,496.9837171717172,CASSILÂNDIA,1.70234375,1
5002951,MS,788,503.9719543147209,507.301269035533,498.3418781725889,503.90520304568525,485.6852791878173,499.84111675126906,CHAPADÃO DO SUL,2.135593220338983,1
5003207,MS,3279,496.4701738334858,500.7688014638609,497.9921622445868,487.6703568161025,481.0186032326929,492.7840195181458,CORUMBÁ,1.524002806173582,1
5003256,MS,341,491.0413489736071,489.4639296187684,485.1161290322581,494.2765395894428,458.8856304985337,483.75671554252193,COSTA RICA,1.785860655737705,0
5003306,MS,1064,496.1825187969925,491.5448308270677,485.6442669172933,482.7691729323308,450.7894736842105,481.386052631579,COXIM,1.503960709759189,0
5003488,MS,204,480.0176470588236,479.0622549019608,473.35686274509806,464.05343137254897,419.3137254901961,463.1607843137255,DOIS IRMÃOS DO BURITI,1.013623978201635,0
5003702,MS,4832,520.6855339403974,527.5075745033113,516.5444329470199,525.302255794702,544.8592715231788,526.979813741722,DOURADOS,1.9815109206524744,2
5003801,MS,556,502.3492805755396,508.5996402877698,501.960071942446,502.3244604316547,518.273381294964,506.7013669064749,FÁTIMA DO SUL,1.6248285322359397,1
5004502,MS,237,509.584388185654,511.9333333333333,500.2945147679325,509.27257383966247,509.1983122362869,508.0566244725738,ITAPORÃ,1.8849557522123892,1
5004601,MS,422,496.0800947867298,502.3049763033176,492.9644549763033,495.14218009478674,476.7772511848341,492.6537914691943,ITAQUIRAÍ,1.5192857142857144,1
5004700,MS,870,501.3345977011494,502.0659770114943,492.7709195402299,499.0601149425288,502.2758620689655,499.5014942528736,IVINHEMA,1.887117903930131,1
5005004,MS,580,503.4584482758621,506.0517241379311,496.9313793103448,499.3075862068966,486.1034482758621,498.3705172413793,JARDIM,1.4701783723522854,1
5005103,MS,274,498.8197080291971,495.12445255474455,486.1799270072992,491.4259124087592,511.75182481751824,496.6603649635037,JATEÍ,1.8314121037463975,1
5005202,MS,580,496.49948275862073,499.151551724138,496.511551724138,496.6579310344827,482.6551724137931,494.2951379310345,LADÁRIO,1.666388888888889,1
5005400,MS,627,501.58995215311006,506.5574162679426,499.0188197767145,497.5791068580542,496.07655502392345,500.164370015949,MARACAJU,1.854764344262295,1
5005608,MS,366,488.82677595628417,492.27540983606553,482.7666666666667,470.7846994535519,443.7158469945355,475.6738797814208,MIRANDA,1.122112211221122,0
5005707,MS,1478,497.8948579161028,501.78491204330174,500.1512178619756,497.04972936400543,484.7902571041949,496.3341948579161,NAVIRAÍ,1.6064063185607722,1
5005806,MS,239,486.1012552301255,478.8451882845188,478.1928870292887,469.07698744769874,454.3096234309624,473.3051882845188,NIOAQUE,1.1759002770083102,0
5006200,MS,1203,497.3909393183708,503.2756442227764,497.4440565253532,496.7860349127182,489.26018287614295,496.8313715710723,NOVA ANDRADINA,1.6385824600110317,1
5006309,MS,1067,501.59137769447045,506.1528584817244,500.08481724461103,503.54789128397374,504.9297094657919,503.2613308341144,PARANAÍBA,1.7657004830917875,1
5006606,MS,1846,504.82491874322864,510.6459913326111,504.9073131094258,502.9464247020585,495.9263271939328,503.8501950162514,PONTA PORÃ,1.5489913544668588,1
5006903,MS,121,486.0776859504133,484.9710743801653,486.70909090909095,479.8338842975207,474.21487603305786,482.3613223140495,PORTO MURTINHO,1.3883495145631068,0
5007109,MS,212,498.36367924528304,504.0415094339623,497.11698113207547,491.575,476.2264150943397,493.4647169811321,RIBAS DO RIO PARDO,1.6423267326732671,1
5007208,MS,811,498.35610357583226,503.6469790382244,497.01405672009867,498.0046855733662,482.9593094944513,495.99622688039454,RIO BRILHANTE,1.782156862745098,1
5007406,MS,255,498.1156862745098,500.2156862745098,495.0682352941176,488.2454901960784,452.078431372549,486.7447058823529,RIO VERDE DE MATO GROSSO,1.269893899204244,0
5007695,MS,432,513.1354166666666,511.8599537037037,503.29375,510.6201388888889,490.2314814814815,505.8281481481482,SÃO GABRIEL DO OESTE,1.8383658969804615,1
5007703,MS,231,485.3636363636364,485.0450216450216,480.5991341991342,474.6359307359307,440.6060606060606,473.2499567099567,SETE QUEDAS,1.1878140703517588,0
5007901,MS,683,495.4152269399707,504.3210834553441,493.3338213762811,490.007467057101,477.83308931185945,492.18213762811126,SIDROLÂNDIA,1.3506739679865207,1
5008305,MS,2887,510.9899549705577,518.3454450987184,510.4451679944579,514.1085209560097,517.215102182196,514.2208382403879,TRÊS LAGOAS,1.9254774897680764,1
5100201,MT,504,501.77936507936505,510.2140873015873,495.29761904761904,509.9345238095238,480.9126984126984,499.6276587301587,ÁGUA BOA,2.0648967551622417,1
5100250,MT,1221,503.5887796887797,510.7226044226044,497.95569205569205,504.265601965602,506.3554463554464,504.5776248976249,ALTA FLORESTA,2.0743325242718447,1
5101258,MT,546,491.25457875457874,497.5236263736264,487.01941391941386,486.8624542124543,498.53479853479854,492.2389743589744,ARAPUTANGA,1.753440366972477,1
5101308,MT,331,481.7129909365559,489.6123867069487,478.2462235649547,483.7081570996978,472.3262839879154,481.1212084592145,ARENÁPOLIS,1.5340447154471544,0
5101407,MT,202,486.7054455445544,496.9212871287129,482.3633663366337,481.6722772277228,462.5742574257426,482.0473267326733,ARIPUANÃ,1.899390243902439,0
5101704,MT,620,484.90467741935487,488.4043548387097,480.10016129032255,477.9498387096775,458.96774193548384,478.06535483870965,BARRA DO BUGRES,1.7003424657534247,0
5101803,MT,3035,506.2928171334431,511.2767710049424,501.5031301482702,500.1903789126853,498.5634266886326,503.5653047775948,BARRA DO GARÇAS,1.5737472103875023,1
5101902,MT,146,483.9424657534247,488.38150684931503,477.63150684931503,494.13150684931503,476.71232876712327,484.15986301369855,BRASNORTE,1.934090909090909,0
5102504,MT,2855,500.32521891418565,501.70865148861645,491.647530647986,490.3899824868651,503.2784588441331,497.4699684763573,CÁCERES,1.5410071117228723,1
5102637,MT,453,504.2101545253863,515.3298013245033,501.2269315673289,503.5452538631346,518.9403973509934,508.65050772626927,CAMPO NOVO DO PARECIS,2.200078003120125,1
5102678,MT,1068,508.6096441947565,514.60234082397,499.30805243445695,505.6905430711611,505.1685393258427,506.6758239700375,CAMPO VERDE,1.950805910006716,1
5102702,MT,282,508.4464539007092,509.5439716312056,492.06276595744686,504.99574468085103,493.9007092198581,501.7899290780141,CANARANA,1.949004975124378,1
5102793,MT,151,493.28609271523175,502.45364238410593,478.969536423841,485.7682119205298,455.4966887417218,483.19483443708606,CARLINDA,1.671875,0
5103007,MT,453,501.8576158940397,513.050110375276,498.3845474613687,497.9068432671081,487.9911699779249,499.8380573951434,CHAPADA DOS GUIMARÃES,1.6560178306092124,1
5103205,MT,728,496.0960164835165,507.2366758241758,492.1703296703297,496.54244505494506,505.05494505494505,499.4200824175824,COLÍDER,2.021494370522006,1
5103254,MT,278,482.41906474820144,493.5125899280576,475.3762589928058,483.6345323741007,450.50359712230215,477.0892086330936,COLNIZA,1.345876288659794,0
5103304,MT,347,496.97723342939486,504.2755043227666,493.9521613832853,493.7025936599424,485.1873198847262,494.8189625360231,COMODORO,1.9033842794759823,1
5103353,MT,773,489.8355756791721,491.1755498059509,479.0315653298836,481.10763260025874,467.5549805950841,481.74106080206985,CONFRESA,1.4690849134377575,0
5103403,MT,22241,513.5777483026842,520.8553842003507,509.19612877118834,515.622867676813,516.9839485634639,515.2472155029,CUIABÁ,2.0209069131783424,1
5103502,MT,421,498.1427553444181,507.4261282660332,494.2691211401425,502.5318289786223,510.5938242280285,502.59273159144897,DIAMANTINO,1.9752798507462688,1
5103700,MT,253,496.04150197628456,505.14703557312254,488.1225296442688,496.4869565217391,457.94466403162056,488.7485375494072,FELIZ NATAL,1.926392572944297,1
5104104,MT,597,509.5217755443886,513.5658291457286,495.8943048576215,499.2420435510888,490.72026800670017,501.7888442211055,GUARANTÃ DO NORTE,1.650473933649289,1
5104203,MT,296,494.8219594594594,487.8219594594594,480.1675675675676,477.7962837837839,505.6756756756757,489.2566891891892,GUIRATINGA,1.394704433497537,0
5104609,MT,176,490.87840909090914,502.6073863636364,486.2704545454546,486.4363636363637,460.79545454545456,485.3976136363637,ITIQUIRA,1.7610169491525425,0
5104807,MT,1032,492.5202519379845,497.2011627906977,485.4478682170543,485.7038759689923,465.8139534883721,485.33742248062015,JACIARA,1.6779371584699454,0
5105101,MT,682,494.0359237536657,501.6595307917888,486.5280058651026,491.01187683284456,473.13782991202345,489.274633431085,JUARA,1.90552016985138,0
5105150,MT,1096,510.1425182481751,511.4865875912409,494.0023722627737,503.58905109489046,494.014598540146,502.64702554744525,JUÍNA,1.724559686888454,1
5105176,MT,223,494.8578475336323,498.8430493273543,484.8484304932736,487.68206278026906,466.0986547085202,486.4660089686099,JURUENA,1.7794612794612794,0
5105259,MT,1452,507.78271349862257,518.5086776859504,504.0495179063361,510.7621212121212,491.91460055096417,506.6035261707989,LUCAS DO RIO VERDE,2.024825021872266,1
5105580,MT,145,496.1931034482759,510.0586206896552,490.7103448275862,503.3551724137931,475.5862068965517,495.1806896551724,MARCELÂNDIA,1.802801724137931,1
5105622,MT,703,493.8056899004268,496.8071123755335,486.4793741109531,488.9421052631579,478.3499288762447,488.8768421052631,MIRASSOL D'OESTE,1.5206913339824732,0
5106109,MT,168,482.3910714285714,479.3565476190476,468.317261904762,462.2857142857143,424.5238095238095,463.374880952381,NOSSA SENHORA DO LIVRAMENTO,1.2665441176470589,0
5106224,MT,756,501.1759259259259,506.8166666666667,499.8847883597884,503.6587301587302,499.7354497354497,502.2543121693122,NOVA MUTUM,2.4260426770126093,1
5106232,MT,400,484.528,488.107,482.50925,480.55975,462.2,479.5808,NOVA OLÍMPIA,1.6890909090909092,0
5106257,MT,521,492.5867562380039,490.58234165067176,478.7560460652591,480.315547024952,453.20537428023033,479.0892130518235,NOVA XAVANTINA,1.589699863574352,0
5106307,MT,257,499.5373540856031,499.38949416342416,491.4976653696498,497.7622568093385,495.7198443579766,496.7813229571984,PARANATINGA,1.717557251908397,1
5106372,MT,372,493.4564516129032,489.02150537634407,488.9693548387097,483.35510752688174,455.86021505376345,482.1325268817204,PEDRA PRETA,1.6763392857142858,0
5106422,MT,562,489.3103202846975,491.7313167259787,482.6850533807829,484.15320284697503,464.37722419928826,482.4514234875445,PEIXOTO DE AZEVEDO,1.6603194103194103,0
5106505,MT,458,478.0471615720524,477.6148471615721,469.3681222707424,470.235152838428,441.3973799126638,467.3325327510917,POCONÉ,1.4150449101796407,0
5106752,MT,1128,492.108865248227,498.6892730496454,488.0353723404256,490.9348404255319,486.01063829787233,491.1557978723405,PONTES E LACERDA,1.9283366206443129,1
5106828,MT,300,483.81966666666665,484.4393333333333,473.0053333333333,470.1276666666666,429.3333333333333,468.14506666666665,PORTO ESPERIDIÃO,1.194822888283379,0
5107008,MT,252,487.5892857142857,486.53253968253966,477.890873015873,479.6349206349207,485.55555555555554,483.440634920635,POXORÉU,1.3178571428571428,0
5107040,MT,1248,515.8888621794872,520.8869391025642,505.8203525641026,517.3039262820513,523.4134615384615,516.6627083333334,PRIMAVERA DO LESTE,1.970724003887269,1
5107065,MT,413,493.70726392251817,497.72929782082326,486.073607748184,484.6394673123487,459.7578692493947,484.3815012106537,QUERÊNCIA,1.9257950530035333,0
5107107,MT,376,492.5351063829788,501.7585106382979,491.3404255319149,489.7813829787234,486.5957446808511,492.4022340425532,SÃO JOSÉ DOS QUATRO MARCOS,1.5909090909090908,1
5107305,MT,317,493.0047318611988,505.0482649842271,486.7902208201893,487.1186119873817,489.8422712933754,492.3608201892745,SÃO JOSÉ DO RIO CLARO,2.001231527093596,1
5107602,MT,6111,504.8655375552282,509.51814760268365,502.4815578465063,503.8598429062346,499.5614465717558,504.0573064964818,RONDONÓPOLIS,1.7739263803680982,1
5107701,MT,702,479.8911680911681,478.8009971509972,468.9649572649573,470.0272079772079,439.03133903133903,467.3431339031339,ROSÁRIO OESTE,1.5426829268292683,0
5107800,MT,327,479.4831804281346,482.0045871559633,474.84801223241584,477.9287461773701,438.348623853211,470.5226299694189,SANTO ANTÔNIO DO LEVERGER,1.4981412639405205,0
5107859,MT,366,469.6519125683061,468.25136612021856,451.2983606557377,456.2986338797814,380.9836065573771,445.2967759562842,SÃO FÉLIX DO ARAGUAIA,1.25,0
5107875,MT,450,499.69177777777776,510.4673333333333,496.06555555555553,502.66288888888886,509.8222222222222,503.74195555555553,SAPEZAL,2.324526813880126,1
5107909,MT,5062,515.0400237060451,518.9179770841564,507.6223429474516,516.1290794152509,512.1612011062821,513.9741248518372,SINOP,1.962334656084656,1
5107925,MT,1762,510.8543700340522,517.2405788876277,504.82003405221343,510.97593643586833,499.5005675368899,508.6782973893304,SORRISO,2.0514415481832544,1
5107958,MT,2181,504.0786795048144,507.0692342961944,498.4730398899587,501.675515818432,514.6079779917469,505.1808895002293,TANGARÁ DA SERRA,1.8589291193617676,1
5108055,MT,242,498.15247933884297,490.26446280991735,481.52809917355376,493.1681818181818,464.21487603305786,485.4656198347108,TERRA NOVA DO NORTE,1.4294294294294294,0
5108402,MT,7129,497.2710478327956,502.363711600505,495.1881470051901,491.9066629260766,482.6904194136625,493.883997755646,VÁRZEA GRANDE,1.690338246570674,1
5108600,MT,176,488.27840909090907,501.8357954545455,487.0130681818182,488.0636363636364,455.45454545454544,484.1290909090909,VILA RICA,1.5514705882352942,0
5200134,GO,600,499.6376666666666,503.6881666666667,496.591,502.8668333333333,511.4666666666666,502.8500666666666,ACREÚNA,1.744047619047619,1
5200258,GO,3440,487.060523255814,497.2903779069768,495.2121802325581,483.10622093023255,491.1453488372093,490.76293023255823,ÁGUAS LINDAS DE GOIÁS,1.3255723709740008,1
5200308,GO,485,487.1348453608247,498.86886597938144,496.0655670103093,494.9674226804124,495.2164948453608,494.4506391752578,ALEXÂNIA,1.6305309734513274,1
5201108,GO,9960,522.9287248995984,529.3722289156627,519.5429618473896,529.0771385542168,555.0281124497992,531.1898333333334,ANÁPOLIS,1.8863362831858408,2
5201405,GO,8843,505.94387651249576,514.150944249689,506.499932149723,504.7905009612123,518.7673866334954,510.0305281013231,APARECIDA DE GOIÂNIA,1.693951208214313,1
5201702,GO,514,498.3803501945525,504.4906614785992,494.7017509727627,488.481906614786,480.0,493.2109338521401,ARAGARÇAS,1.4601328903654485,1
5203500,GO,388,504.9520618556701,508.5649484536083,503.33505154639175,518.3025773195876,504.3298969072165,507.89690721649487,BOM JESUS DE GOIÁS,2.0625,1
5204508,GO,1699,506.7949381989405,516.3331371394938,507.5394349617422,513.7858151854032,520.188346085933,512.9283343143026,CALDAS NOVAS,1.926542933810376,1
5204904,GO,1184,473.0070945945946,476.3640202702703,469.42195945945946,469.8094594594595,444.3243243243243,466.5853716216217,CAMPOS BELOS,1.045515846257586,0
5205109,GO,3408,522.93125,530.1427816901409,518.1328345070423,527.9924295774648,552.87558685446,530.4149765258215,CATALÃO,2.0014659449706813,2
5205406,GO,1939,516.9456420835483,517.5729757607014,508.46064981949456,530.1282104177411,551.4388860237235,524.9092728210418,CERES,1.7665335108743898,2
5205497,GO,1359,493.44709345106696,500.3909492273731,502.4673289183223,486.20456217807214,485.9749816041207,493.696983075791,CIDADE OCIDENTAL,1.4795845272206305,1
5206206,GO,734,508.08487738419615,509.3295640326976,501.1193460490463,503.3535422343325,515.3133514986376,507.440136239782,CRISTALINA,1.7692307692307692,1
5208004,GO,2985,502.545594639866,507.7013065326633,500.0350083752094,503.76978224455615,506.1507537688442,504.0404891122278,FORMOSA,1.5349352828379674,1
5208608,GO,1873,510.1045381740523,516.9681260010678,506.5857447944474,517.5945008008542,541.3667912439936,518.5239402028831,GOIANÉSIA,1.770743301642178,1
5208707,GO,45379,534.2472597456973,543.1462592829282,529.3163247317041,544.7709931906829,577.0726547521981,545.7106983406422,GOIÂNIA,2.0834315220404767,2
5208806,GO,1151,499.98453518679406,508.4042571676803,502.7132059079062,495.2956559513467,503.6316246741964,502.0058557775848,GOIANIRA,1.504127682993946,1
5208905,GO,1256,507.099601910828,519.3501592356688,506.15939490445857,507.1021496815287,536.0828025477707,515.158821656051,GOIÁS,1.6129032258064515,1
5209101,GO,622,509.2837620578778,519.8405144694534,506.8602893890675,520.402733118971,525.273311897106,516.3321221864951,GOIATUBA,2.1997800586510263,1
5210000,GO,1576,520.9854695431472,525.4530456852792,514.966307106599,524.1049492385787,556.9543147208121,528.4928172588832,INHUMAS,1.7355329949238578,2
5210109,GO,533,512.3099437148218,521.7720450281425,510.0105065666041,515.574296435272,531.4821763602251,518.2297936210131,IPAMERI,1.8251121076233183,1
5210208,GO,1255,506.878406374502,510.609561752988,495.7272509960159,517.8717131474103,526.7888446215139,511.5751553784861,IPORÁ,1.702656675749319,1
5210406,GO,967,502.20837642192345,510.9322647362978,500.57052740434335,507.564012409514,549.0796277145812,514.0709617373319,ITABERAÍ,1.5695744680851065,1
5210901,GO,1106,497.1575949367089,502.297287522604,492.0338155515371,500.61292947558775,503.8155515370705,499.1834358047016,ITAPACI,1.5405511811023622,1
5211206,GO,720,505.75666666666666,513.5600000000001,500.8693055555556,510.7227777777778,519.4722222222222,510.07619444444447,ITAPURANGA,1.5020883054892602,1
5211503,GO,2850,512.0151578947368,519.3008771929825,511.6795789473685,521.7312631578948,539.2561403508772,520.7966035087719,ITUMBIARA,2.0136914165350186,2
5211800,GO,1212,493.2298679867986,497.1606435643564,493.8637788778878,502.7982673267327,511.4686468646865,499.7042409240924,JARAGUÁ,1.5289829302987197,1
5211909,GO,3737,514.560476317902,523.4985817500669,511.5786727321381,516.85084292213,532.983676746053,519.894450093658,JATAÍ,1.9782105263157892,2
5212204,GO,922,490.4560737527115,496.8252711496746,485.7018438177874,493.9478308026031,501.062906724512,493.5987852494577,JUSSARA,1.65354713313897,1
5212501,GO,3116,498.08222079589217,508.9624839537869,503.8181001283697,496.7799422336329,494.0372272143774,500.3359948652118,LUZIÂNIA,1.559146877748461,1
5213087,GO,625,502.4056,508.39568,498.16272,505.35056,521.92,507.246912,MINAÇU,1.4698275862068966,1
5213103,GO,1450,508.0031724137931,510.9431724137931,502.05751724137934,513.8404137931034,534.5241379310345,513.8736827586207,MINEIROS,1.941339375629406,1
5213806,GO,1257,513.4051710421639,514.9758154335719,502.3118536197295,517.3117740652347,540.0477326968974,517.6104693715195,MORRINHOS,1.9177168272794665,1
5214507,GO,907,502.63638368246967,511.47971334068353,503.8184123484013,504.0062844542448,514.7739801543551,507.3429547960308,NERÓPOLIS,1.6470925784238717,1
5214606,GO,769,501.3678803641093,504.3673602080624,495.86762028608587,498.9131339401821,496.332899869961,499.3697789336802,NIQUELÂNDIA,1.5089771490750816,1
5215231,GO,1520,487.3925657894737,497.1975,497.9079605263158,482.4532894736842,497.0131578947368,492.3928947368421,NOVO GAMA,1.4220792483660132,1
5215603,GO,373,482.39276139410185,484.6056300268097,485.54209115281503,477.5973190348525,476.9973190348525,481.4270241286863,PADRE BERNARDO,1.3005263157894738,0
5217104,GO,888,510.0328828828829,518.6702702702703,505.9634009009009,520.2954954954955,541.1036036036036,519.2131306306306,PIRACANJUBA,1.8254761904761905,1
5217302,GO,624,500.2546474358975,509.44006410256407,502.7126602564103,504.0072115384616,515.9615384615385,506.4752243589744,PIRENÓPOLIS,1.6626891734575089,1
5217401,GO,1236,519.9885922330097,520.259142394822,506.6411812297735,518.6849514563106,542.2815533980582,521.5710841423949,PIRES DO RIO,1.8903301886792447,2
5217609,GO,1908,491.3117400419288,500.6191299790357,498.3001048218029,490.5394129979035,490.7547169811321,494.30502096436055,PLANALTINA,1.4027122641509433,1
5218003,GO,1493,492.0569323509712,493.8780308104488,485.0764233087743,492.6204286671132,497.4949765572673,492.225358338915,PORANGATU,1.3632604843473124,1
5218300,GO,1547,484.2302521008403,483.8235940530058,480.5870071105365,481.9917259211376,468.7136393018746,479.86924369747896,POSSE,1.241751269035533,0
5218508,GO,977,506.6378710337769,510.29662231320367,505.4419651995906,506.75394063459566,524.8720573183214,510.80049129989766,QUIRINÓPOLIS,1.8979223125564588,1
5218805,GO,3597,512.5547122602169,518.9298304142341,509.2715040311371,520.5281623575202,539.2382541006394,520.1044926327496,RIO VERDE,2.0976126729138778,1
5218904,GO,591,505.37766497461934,515.6671742808799,503.8688663282572,517.5971235194586,540.575296108291,516.6172250423012,RUBIATABA,1.5859853121175032,1
5219308,GO,670,509.6804477611941,513.7822388059701,501.7485074626866,513.9258208955224,506.86567164179104,509.2005373134328,SANTA HELENA DE GOIÁS,2.011363636363636,1
5219753,GO,1247,490.3091419406576,499.92461908580594,497.5836407377707,484.1448275862069,488.5805934242181,492.10856455493183,SANTO ANTÔNIO DO DESCOBERTO,1.433927635028841,1
5220108,GO,1475,502.7187118644068,505.010372881356,496.00169491525423,511.06677966101694,518.7254237288136,506.7045966101695,SÃO LUÍS DE MONTES BELOS,1.7076295864880606,1
5220207,GO,692,484.0326589595375,486.8971098265896,479.225578034682,485.6027456647399,502.1098265895954,487.5735838150289,SÃO MIGUEL DO ARAGUAIA,1.556775407779172,0
5220454,GO,2310,498.7026406926407,509.4830735930735,504.195974025974,495.0899567099567,505.0735930735931,502.5090476190477,SENADOR CANEDO,1.5824796427633308,1
5220603,GO,900,514.4993333333333,518.4378888888889,506.4403333333333,518.8502222222222,535.8666666666667,518.818888888889,SILVÂNIA,1.7847222222222223,1
5221403,GO,3482,503.63015508328544,510.3823951751867,503.5294945433658,504.4104537622056,522.1367030442275,508.8178403216542,TRINDADE,1.6220046756282875,1
5221601,GO,1551,503.1013539651837,499.2672469374597,492.0547388781432,508.4335912314636,534.1328175370728,507.3979497098646,URUAÇU,1.6793037672865998,1
5221858,GO,4600,494.2094347826087,505.2760652173913,504.3124347826088,490.3349130434783,503.4086956521739,499.50830869565215,VALPARAÍSO DE GOIÁS,1.5855611150822015,1
5300108,DF,83359,523.4261951318994,535.983490684869,527.1940306385634,527.9308329034657,549.544980146115,532.8159059009824,BRASÍLIA,2.046759315169025,2
